overlap_id,shared_corridor_mi,row_width_ft,shared_acres,land_cost_per_acre_usd,est_land_savings_usd,assumptions_note
OVL_1,2.0,150,36.36,10000,363636,"Assumed 2 shared corridor miles because at least one project lacks a stated length. Assumed 150 ft right-of-way width from the nearest standard voltage (230 kV) to the higher listed project voltage (230 kV). Assumed land cost is $10,000 per acre. This directional estimate assumes the projects could share the entire stated corridor; center-point proximity alone does not prove a shared route or land acquisition savings. DESC project budget is $23,787,423; it is context, not included in estimated savings."
OVL_2,2.0,100,24.24,10000,242424,"Assumed 2 shared corridor miles because at least one project lacks a stated length. Assumed 100 ft right-of-way width from the nearest standard voltage (115 kV) to the higher listed project voltage (115 kV). Assumed land cost is $10,000 per acre. This directional estimate assumes the projects could share the entire stated corridor; center-point proximity alone does not prove a shared route or land acquisition savings. DESC project budget is $17,520,000; it is context, not included in estimated savings."
OVL_3,2.0,150,36.36,10000,363636,"Assumed 2 shared corridor miles because at least one project lacks a stated length. Assumed 150 ft right-of-way width from the nearest standard voltage (230 kV) to the higher listed project voltage (230 kV). Assumed land cost is $10,000 per acre. This directional estimate assumes the projects could share the entire stated corridor; center-point proximity alone does not prove a shared route or land acquisition savings. DESC project budget is $23,787,423; it is context, not included in estimated savings."
OVL_4,2.0,50,12.12,10000,121212,"Assumed 2 shared corridor miles because at least one project lacks a stated length. Assumed 50 ft right-of-way width from the nearest standard voltage (46 kV) to the higher listed project voltage (46 kV). Assumed land cost is $10,000 per acre. This directional estimate assumes the projects could share the entire stated corridor; center-point proximity alone does not prove a shared route or land acquisition savings. DESC project budget is $3,000,000; it is context, not included in estimated savings."
OVL_5,2.0,150,36.36,10000,363636,"Assumed 2 shared corridor miles because at least one project lacks a stated length. Assumed 150 ft right-of-way width from the nearest standard voltage (230 kV) to the higher listed project voltage (230 kV). Assumed land cost is $10,000 per acre. This directional estimate assumes the projects could share the entire stated corridor; center-point proximity alone does not prove a shared route or land acquisition savings. DESC project budget is $48,224,719; it is context, not included in estimated savings."
OVL_6,2.0,150,36.36,10000,363636,"Assumed 2 shared corridor miles because at least one project lacks a stated length. Assumed 150 ft right-of-way width from the nearest standard voltage (230 kV) to the higher listed project voltage (230 kV). Assumed land cost is $10,000 per acre. This directional estimate assumes the projects could share the entire stated corridor; center-point proximity alone does not prove a shared route or land acquisition savings. DESC project budget is $23,787,423; it is context, not included in estimated savings."
OVL_7,2.0,150,36.36,10000,363636,"Assumed 2 shared corridor miles because at least one project lacks a stated length. Assumed 150 ft right-of-way width from the nearest standard voltage (230 kV) to the higher listed project voltage (230 kV). Assumed land cost is $10,000 per acre. This directional estimate assumes the projects could share the entire stated corridor; center-point proximity alone does not prove a shared route or land acquisition savings. DESC project budget is $48,224,719; it is context, not included in estimated savings."
OVL_8,2.0,100,24.24,10000,242424,"Assumed 2 shared corridor miles because at least one project lacks a stated length. Assumed 100 ft right-of-way width from the nearest standard voltage (115 kV) to the higher listed project voltage (115 kV). Assumed land cost is $10,000 per acre. This directional estimate assumes the projects could share the entire stated corridor; center-point proximity alone does not prove a shared route or land acquisition savings. DESC project budget is $40,660,000; it is context, not included in estimated savings."
OVL_9,2.0,100,24.24,10000,242424,"Assumed 2 shared corridor miles because at least one project lacks a stated length. Assumed 100 ft right-of-way width from the nearest standard voltage (115 kV) to the higher listed project voltage (115 kV). Assumed land cost is $10,000 per acre. This directional estimate assumes the projects could share the entire stated corridor; center-point proximity alone does not prove a shared route or land acquisition savings. DESC project budget is $2,200,080; it is context, not included in estimated savings."
OVL_10,2.0,100,24.24,10000,242424,"Assumed 2 shared corridor miles because at least one project lacks a stated length. Assumed 100 ft right-of-way width from the nearest standard voltage (115 kV) to the higher listed project voltage (115 kV). Assumed land cost is $10,000 per acre. This directional estimate assumes the projects could share the entire stated corridor; center-point proximity alone does not prove a shared route or land acquisition savings. DESC project budget is $2,200,080; it is context, not included in estimated savings."
