project_id,utility,project_name,endpoint_a,endpoint_b,confidence_tier,lat_center,lon_center,border_distance_mi
DESC_6810O,DESC,Urquhart – Aiken PSA 46 kV: Rebuild,Urquhart,Aiken PSA,low,33.4328703,-81.9110807,0.6
DESC_06367D-G,DESC,Jasper – Okatie 230 kV #2: Construct,Jasper,Okatie,low,32.3606993,-81.1241523,1.6
DESC_6810A,DESC,Hooks - Thurmond 115kV Tie: Rebuild,Hooks,Thurmond,low,33.6601273,-82.1959307,3.5
GPC_21113,GPC,GTC: HARTWELL ENERGY - MIDDLE FORK 230KV LINE,HARTWELL ENERGY,MIDDLE FORK,low,34.3411567,-82.821173,4.4
GPC_21036,GPC,BUZZARD ROOST - FACTORY SHOALS 230KV NEW LINE,BUZZARD ROOST,FACTORY SHOALS,low,34.0018324,-82.6362788,9.8
GPC_21131,GPC,GTC: POND FORK - MIDWAY 115KV LINE,POND FORK,MIDWAY,low,31.9585503,-81.0309053,11.4
GPC_13753,GPC,MEAG: ALCOVY ROAD - SKC 115 KV RECONDUCTOR,ALCOVY ROAD,SKC,low,32.0776615,-81.2706903,17.2
GPC_20506,GPC,GTC: SWITCH WAY - THORNTON ROAD 230KV LINE REBUILD,SWITCH WAY,THORNTON ROAD,low,32.1126753,-81.3731603,20.4
DESC_06810F,DESC,VCS2-Ward 230kV: Rebuild Line,VCS2,Ward,low,33.87218,-81.6977228,28.2
GPC_21075,GPC,GTC: EAST WALTON - MIDDLE FORK 500KV,EAST WALTON,MIDDLE FORK,low,33.3872987,-82.6363941,35.1
DESC_6809N,DESC,Batesburg - Saluda County 115kV: Rebuild,Batesburg,Saluda County,low,33.9134867,-81.5644353,36.0
GPC_11051,GPC,MEAG: SLAPPEY DRIVE - WESTOVER 115KV LINE REBUILD,SLAPPEY DRIVE,WESTOVER,low,34.8855731,-83.973537,50.0
GPC_18691,GPC,GTC: LIZARD LOPE - WESTOVER 115 KV NEW LINE,LIZARD LOPE,WESTOVER,low,34.8855731,-83.973537,50.0
GPC_16007,GPC,FENWICK STREET - SAND BAR FERRY 115KV (RECONDUCTOR/REBUILD),FENWICK STREET,SAND BAR FERRY,low,34.3002361,-83.8315162,56.5
GPC_13166,GPC,FIRST AVENUE - NORTH COLUMBUS 115KV LINE REBUILD,FIRST AVENUE,NORTH COLUMBUS,low,34.1374063,-83.9763399,68.5
DESC_06372A,DESC,Church Creek - Ritter 230kV - Replace 38 Large Angles and Dead Ends,Church Creek,Ritter,low,32.8303196,-80.0702792,69.9
DESC_6807B,DESC,Queensboro - Ft Johnson 115 kV & Queensboro-Bayfront 115kV (Queensboro-James Island Sect),Queensboro,Ft Johnson,low,32.7227934,-79.9673323,70.1
GPC_18670,GPC,GTC: BANKS CROSSING - POND FORK 115 KV,BANKS CROSSING,POND FORK,low,34.3781185,-84.1335754,70.4
GPC_19992,GPC,GTC: BOSTWICK - EAST SOCIAL CIRCLE 230KV RECONDUCTOR,BOSTWICK,EAST SOCIAL CIRCLE,low,33.6741503,-83.6793256,71.3
DESC_6808V,DESC,Faber Place-Bayfront 115kV: Rebuild North Bridge Terrace to Bayfront Section,Faber Place,Bayfront,low,32.8500798,-80.0146241,73.3
DESC_6810J,DESC,Elloree – Santee City 46 kV: Rebuild,Elloree,Santee City,low,33.47789915,-80.35250825,79.6
GPC_09661,GPC,MCGRAU FORD - MIDDLE FORK 500KV LINE PROJECT,MCGRAU FORD,MIDDLE FORK,low,34.3264526,-84.3370065,82.4
GPC_18800,GPC,ECHECONNEE-WELLSTON 115KV REBUILD,ECHECONNEE,WELLSTON,low,34.3865972,-84.3787707,83.0
GPC_19627,GPC,ECHECONNEE-WELLSTON 115KV LINE REBUILD,ECHECONNEE,WELLSTON,low,34.3865972,-84.3787707,83.0
DESC_6809M,DESC,St George - Sumter 230kV Tie: Rebuild Line from Santee Substation - Duke/Progress Energy Tie,St George,Sumter,low,33.8976611,-80.3239761,95.6
DESC_6846A,DESC,Eastover – Sumter 115kV DEP Tie: Rebuild with 1272 ACSR,Eastover,Sumter,low,33.8976611,-80.3239761,95.6
GPC_18679,GPC,DU: EAST DALTON - OOSTANAULA 115KV REBUILD,EAST DALTON,OOSTANAULA,low,32.8383671,-83.5611353,100.7
GPC_18573,GPC,GRID - ARKWRIGHT - LLOYD SHOALS 115KV,ARKWRIGHT,LLOYD SHOALS,low,32.9272219,-83.698878,103.3
DESC_6388A,DESC,Williams-Summerville 230kV: Upgrade to SPDC B1272 ACSR,Williams,Summerville,low,33.182726450000004,-79.61507585000001,105.7
GPC_21141,GPC,LLOYD SHOALS - PORTERDALE PRIMARY 115KV REBUILD,LLOYD SHOALS,PORTERDALE PRIMARY,low,33.5850471,-84.4178294,109.0
GPC_19597,GPC,ADAMSVILLE - BUZZARD ROOST 230KV REBUILD AND JUMPER UPGRADE,ADAMSVILLE,BUZZARD ROOST,low,34.3687208,-84.9412395,113.1
GPC_19676,GPC,ADAMSVILLE - JACK MCDONOUGH 230KV LINE REBUILD,ADAMSVILLE,JACK MCDONOUGH,low,34.3687208,-84.9412395,113.1
GPC_20858,GPC,GTC: ADAMSVILLE - BUZZARD ROOST 230KV REBUILD,ADAMSVILLE,BUZZARD ROOST,low,34.3687208,-84.9412395,113.1
GPC_20761,GPC,ATKINSON - NORTHWEST 115KV REBUILD,ATKINSON,NORTHWEST,low,32.5959336,-83.6703851,115.9
GPC_20777,GPC,JACK MCDONOUGH - NORTHWEST (BLACK) 230KV RECONDUCTOR,JACK MCDONOUGH,NORTHWEST,low,32.5959336,-83.6703851,115.9
GPC_20505,GPC,GTC: GARRETT RD - V. RICA 230KV LINE RECONDUCTOR (CC NET IM),GARRETT RD,V. RICA,low,33.7410224,-84.8548652,125.5
GPC_21048,GPC,FITZGERALD - PITTS 115 KV LINE REBUILD,FITZGERALD,PITTS,low,31.7293346,-83.2924114,129.4
GPC_19636,GPC,HAMMOND - WEISS DAM 115KV LINE REBUILD,HAMMOND,WEISS DAM,low,34.2512064,-85.34558,137.5
GPC_21123,GPC,GTC: TENASKA - WANSLEY 500KV NEW LINE,TENASKA,WANSLEY,low,33.4109556,-85.030769,145.2
GPC_18774,GPC,GTC: HEARD COUNTY - TENASKA 500KV (SECOND LINE),HEARD COUNTY,TENASKA,low,33.358678,-84.9942221,145.3
DESC_5392A-C,DESC,Coit – Gills Creek 115kV: Construct,Coit,Gills Creek,low,33.5880725,-79.0499859,148.3
GPC_21137,GPC,GTC: CONYERS - CORNISH MOUNTAIN  115KV LINE UPGRADE,CONYERS,CORNISH MOUNTAIN,low,32.8822043,-84.8894383,160.1
"DESC_0139M,N",DESC,"Okatie 230-115kV Substation, Jasper – Yemassee 230kV #1 Fold-in",Okatie,,unmatched,,,
"DESC_06367A-C,H",DESC,Riverport Tap: Construct Tap,Riverport Tap,,unmatched,,,
DESC_06810G,DESC,Goose Creek Reservoir: Rebuild Transmission Line Crossings,Goose Creek Reservoir,,unmatched,,,
DESC_6808J,DESC,Eastover - Square D 115kV: Rebuild,Eastover,Square D,unmatched,,,
DESC_6808U,DESC,Hopkins-CIP 230kV: Rebuild,Hopkins,CIP,unmatched,,,
DESC_6808W,DESC,Square D - Hopkins 115kV: Rebuild,Square D,Hopkins,unmatched,,,
DESC_6809E,DESC,Stevens Creek - Hooks 115kV/LR Plumb Branch 46kV Rebuilds,Stevens Creek,Hooks,unmatched,,,
DESC_6809G,DESC,Stevens Creek - Hooks 115kV/LR Plumb Branch 46kV,Stevens Creek,Hooks,unmatched,,,
DESC_6853B-F,DESC,Scout 230 kV Sub and Fold-in: Construct,Scout,,unmatched,,,
DESC_6859,DESC,Dawson 230kV Sub and Fold-in: Construct and Rebuild,Dawson,,unmatched,,,
GPC_10478,GPC,CORNELIA - TALLULAH LODGE 115KV REBUILD,CORNELIA,TALLULAH LODGE,unmatched,,,
GPC_18690,GPC,PALMYRA REACTOR REMOVAL,PALMYRA,,unmatched,,,
GPC_18736,GPC,CC - MICROSOFT - SHUGART (CCO06),MICROSOFT,SHUGART,unmatched,,,
GPC_19606,GPC,GTC: SKC 115KV BUS AND JUMPER REPLACEMENT,SKC,,unmatched,,,
GPC_20015,GPC,GTC: MORNING HORNET 2ND 230/115 KV BANK & THUMBS UP 115KV TL,MORNING HORNET,,unmatched,,,
GPC_20018,GPC,CC - QTS FAYETTEVILLE TRANSMISSION NEEDS,QTS FAYETTEVILLE,,unmatched,,,
GPC_20150,GPC,CC - HILL VIEW & GRASSY HOLLOW SUB - CC IMPROVEMENTS,HILL VIEW,CC,unmatched,,,
GPC_20151,GPC,CC - CASS PINE 230/25 NEW SUB - QCELLS - CC IMPROVEMENTS,CASS PINE,QCELLS,unmatched,,,
GPC_20152,GPC,CC - CASS PINE- HILL VIEW 230 KV LINE- CC IMPROVEMENTS,CASS PINE,HILL VIEW,unmatched,,,
GPC_20175,GPC,CC - PROJECT CHRONOS- SK/HYUNDAI,PROJECT CHRONOS,SK/HYUNDAI,unmatched,,,
GPC_20216,GPC,CC - STONEWALL TELL ROAD (TA REALTY),STONEWALL TELL ROAD,,unmatched,,,
GPC_20243,GPC,CC - GARRETT ROAD SWITCHING STATION - TRAE LANE,GARRETT ROAD,TRAE LANE,unmatched,,,
GPC_20285,GPC,LOWER RIVER - WEBB (APC) 115KV RECONDUCTOR,LOWER RIVER,WEBB,unmatched,,,
GPC_20342,GPC,GTC: CAMDEN INDUSTRIAL PARK 230/115KV NEW SUBSTATION,CAMDEN INDUSTRIAL PARK,,unmatched,,,
GPC_20466,GPC,SMART VALVE INSTALLATION,SMART VALVE,,unmatched,,,
GPC_20489,GPC,SCOTTDALE RELAY MODERNIZATION,SCOTTDALE,,unmatched,,,
GPC_20509,GPC,CC - EMBLEM RIVERSIDE CUSTOMER SUB (FLEXENTIAL),EMBLEM RIVERSIDE CUSTOMER SUB,,unmatched,,,
GPC_20656,GPC,PLANT YATES BREAKER AND HALF STATION,PLANT YATES,,unmatched,,,
GPC_20684,GPC,CAMDEN INDUSTRIAL PARK (GPC),CAMDEN INDUSTRIAL PARK,,unmatched,,,
GPC_20717,GPC,CC - TOMOCHICHI 500/230KV SOLUTION (CC NETWORK IMPROVEMENTS),TOMOCHICHI,,unmatched,,,
GPC_20736,GPC,CC - TA REALTY ELLENWOOD NETWORK IMPROVEMENTS,TA REALTY ELLENWOOD NETWORK,,unmatched,,,
GPC_20764,GPC,ATKINSON - NORTHSIDE DRIVE 115KV REBUILD,ATKINSON,NORTHSIDE DRIVE,unmatched,,,
GPC_20771,GPC,CC - GULLATT ROAD TRANSMISSION IMPROVEMENTS,GULLATT ROAD,,unmatched,,,
GPC_20857,GPC,NEW CAVENDER DRIVE - TRIBUTARY 230KV LINE,NEW CAVENDER DRIVE,TRIBUTARY,unmatched,,,
GPC_20989,GPC,SAV: RICE HOPE NEW AUTO TRANSFORMER,RICE HOPE,,unmatched,,,
GPC_21013,GPC,GTC: CAVENDER DRIVE 500/230KV AUTOBANK,CAVENDER DRIVE,,unmatched,,,
GPC_21014,GPC,GTC: BUZZARD ROOST - CAVENDER DRIVE 230KV NEW LINE,BUZZARD ROOST,CAVENDER DRIVE,unmatched,,,
GPC_21047,GPC,BROADWAY - ECHECONNEE 115 KV LINE REBUILD,BROADWAY,ECHECONNEE,unmatched,,,
GPC_21069,GPC,SMART VALVES AT EAST VILLA RICA SWITCHING STATION,SMART VALVES AT EAST VILLA RICA,,unmatched,,,
GPC_21098,GPC,TRIBUTARY - THORNTON RD 230KV REBUILD,TRIBUTARY,THORNTON RD,unmatched,,,
GPC_21099,GPC,MEAG: PIO NONO 230/115KV AREA SOLUTION,PIO NONO,,unmatched,,,
GPC_21130,GPC,CC - NORTH GEORGIA DATA NETWORK UPGRADES,NORTH GEORGIA DATA NETWORK,,unmatched,,,
