overlap_id,project_id_gpc,project_id_desc,distance_mi,band,time_gap_days,windows_overlap,overlap_days,window_gap_days,lat_gpc,lon_gpc,lat_desc,lon_desc,voltage_match,score,rank
OVL_1,GPC_20277,DESC_06367D-G,3.03,share_logistics,152,True,730,0,32.352116,-81.175112,32.360699,-81.124152,True,0.866,1
OVL_2,GPC_20065,DESC_06367D-G,3.0,share_logistics,517,True,213,0,32.351906,-81.174467,32.360699,-81.124152,False,0.767,2
OVL_3,GPC_21116,DESC_6810O,9.19,share_crews,883,True,364,0,33.31976,-81.995312,33.43287,-81.911081,False,0.744,3
OVL_4,GPC_21116,DESC_6852,9.19,share_crews,1389,True,437,0,33.31976,-81.995312,33.432939,-81.911379,False,0.706,4
OVL_5,GPC_20785,DESC_06367D-G,9.19,share_crews,517,True,578,0,32.248812,-81.209305,32.360699,-81.124152,False,0.685,5
OVL_6,GPC_20067,DESC_6808S,14.84,share_crews,0,True,882,0,32.066875,-81.048293,32.268137,-80.958954,True,0.682,6
OVL_7,GPC_20785,DESC_6808S,13.66,share_crews,730,True,365,0,32.148135,-81.145983,32.275613,-80.96745,True,0.648,7
OVL_8,GPC_20277,DESC_6808S,13.13,share_crews,365,True,517,0,32.352116,-81.175112,32.277554,-80.968648,False,0.628,8
OVL_9,GPC_20065,DESC_6808S,13.08,share_crews,730,True,0,0,32.351906,-81.174467,32.277554,-80.968648,True,0.618,9
OVL_10,GPC_20793,DESC_6810A,0.0,crossing,3074,False,0,1613,33.660013,-82.195837,33.660013,-82.195837,True,0.603,10
OVL_11,GPC_20794,DESC_6810A,0.0,crossing,3074,False,0,1978,33.660013,-82.195837,33.660013,-82.195837,True,0.603,11
OVL_12,GPC_20066,DESC_6808S,14.83,share_crews,365,True,0,0,32.067734,-81.050593,32.268137,-80.958954,True,0.582,12
OVL_13,GPC_20010,DESC_6810A,18.22,share_crews,365,True,365,0,33.818228,-82.449913,33.660127,-82.195931,True,0.546,13
OVL_14,GPC_12217,DESC_6810O,9.4,share_crews,1979,False,0,153,33.316133,-81.994961,33.43287,-81.911081,False,0.535,14
OVL_15,GPC_20407,DESC_6808S,18.5,share_crews,1096,True,0,0,32.022687,-81.086181,32.268137,-80.958954,True,0.501,15
OVL_16,GPC_20783,DESC_6808S,18.52,share_crews,1096,True,0,0,32.08351,-81.188722,32.268211,-80.959037,True,0.5,16
OVL_17,GPC_13753,DESC_6808S,22.39,share_crews,0,True,731,0,32.077661,-81.27069,32.275613,-80.96745,True,0.489,17
OVL_18,GPC_20067,DESC_06367D-G,20.76,share_crews,213,True,882,0,32.066875,-81.048293,32.360699,-81.124152,False,0.487,18
OVL_19,GPC_17993,DESC_6810A,7.8,share_crews,3652,False,0,2192,33.543994,-82.168648,33.656813,-82.15946,True,0.475,19
OVL_20,GPC_13753,DESC_06367D-G,21.35,share_crews,213,True,731,0,32.077661,-81.27069,32.360699,-81.124152,False,0.471,20
OVL_21,GPC_21023,DESC_06367D-G,19.48,share_crews,1248,False,0,1,32.083733,-81.188687,32.360699,-81.124152,True,0.468,21
OVL_22,GPC_20773,DESC_6810O,9.4,share_crews,1979,False,0,518,33.316133,-81.994961,33.43287,-81.911081,False,0.467,22
OVL_23,GPC_20783,DESC_06367D-G,18.47,share_crews,883,True,213,0,32.10772,-81.226912,32.360699,-81.124152,False,0.465,23
OVL_24,GPC_20066,DESC_06367D-G,20.05,share_crews,152,True,213,0,32.073231,-81.074435,32.360699,-81.124152,False,0.465,24
OVL_25,GPC_12217,DESC_6852,9.39,share_crews,2485,False,0,659,33.316133,-81.994961,33.432939,-81.911379,False,0.441,25
OVL_26,GPC_20506,DESC_06367D-G,22.48,share_crews,517,True,364,0,32.112675,-81.37316,32.360699,-81.124152,True,0.427,26
OVL_27,GPC_20793,DESC_6810O,15.53,share_crews,1979,False,0,518,33.543948,-82.168543,33.473209,-81.912754,False,0.41,27
OVL_28,GPC_21023,DESC_6808S,18.52,share_crews,1461,False,0,214,32.083733,-81.188687,32.270165,-80.961241,False,0.408,28
OVL_29,GPC_21006,DESC_6808S,17.98,share_crews,1461,False,0,579,32.036705,-81.099967,32.268137,-80.958954,True,0.39,29
OVL_30,GPC_14222,DESC_6810A,18.98,share_crews,3074,False,0,213,33.453955,-82.414219,33.660013,-82.195837,False,0.389,30
OVL_31,GPC_20773,DESC_6852,9.39,share_crews,2485,False,0,1024,33.316133,-81.994961,33.432939,-81.911379,False,0.373,31
OVL_32,GPC_19523,DESC_06367D-G,23.81,share_crews,250,True,845,0,32.166622,-81.460932,32.360699,-81.124152,False,0.372,32
OVL_33,GPC_17075,DESC_6808S,24.93,share_crews,213,True,882,0,32.006786,-81.253151,32.268137,-80.958954,False,0.341,33
OVL_34,GPC_20793,DESC_6852,16.69,share_crews,2485,False,0,1024,33.543948,-82.168543,33.432939,-81.911379,True,0.339,34
OVL_35,GPC_21131,DESC_6808S,21.72,share_crews,1826,False,0,365,31.95855,-81.030905,32.235027,-80.853384,True,0.337,35
OVL_36,GPC_20794,DESC_6810O,15.53,share_crews,1979,False,0,883,33.543948,-82.168543,33.473209,-81.912754,False,0.333,36
OVL_37,GPC_20407,DESC_06367D-G,23.46,share_crews,883,True,213,0,32.022687,-81.086181,32.360699,-81.124152,False,0.326,37
OVL_38,GPC_19966,DESC_6808S,24.93,share_crews,365,True,731,0,32.006786,-81.253151,32.268137,-80.958954,False,0.324,38
OVL_39,GPC_20794,DESC_6852,16.69,share_crews,2485,False,0,1389,33.543948,-82.168543,33.432939,-81.911379,True,0.323,39
OVL_40,GPC_17993,DESC_6852,16.7,share_crews,3063,False,0,1603,33.543948,-82.168543,33.432939,-81.911379,True,0.323,40
OVL_41,GPC_17993,DESC_6810O,15.54,share_crews,2557,False,0,1097,33.543948,-82.168543,33.473209,-81.912754,False,0.288,41
OVL_42,GPC_21006,DESC_06367D-G,22.07,share_crews,1248,False,0,366,32.041253,-81.144532,32.360699,-81.124152,False,0.276,42
OVL_43,GPC_20784,DESC_6808S,19.1,share_crews,2557,False,0,1461,32.10772,-81.226912,32.275613,-80.96745,True,0.254,43
OVL_44,GPC_20784,DESC_06367D-G,18.46,share_crews,2344,False,0,1248,32.10772,-81.226912,32.360699,-81.124152,False,0.218,44
OVL_45,GPC_20796,DESC_06367D-G,20.13,share_crews,2709,False,0,1613,32.155282,-81.368377,32.360699,-81.124152,False,0.178,45
OVL_46,GPC_20796,DESC_6808S,24.86,share_crews,2922,False,0,1826,32.155282,-81.368377,32.277554,-80.968648,False,0.015,46
OVL_47,GPC_20787,DESC_6808S,24.93,share_crews,3287,False,0,1826,32.006786,-81.253151,32.268137,-80.958954,False,0.009,47
