project_id,utility,state,project_name,endpoint_a,endpoint_b,voltage_kv,project_type,length_mi,est_cost_usd,start_date,in_service_date,source_file,source_ref,lat_a,lon_a,lat_b,lon_b,lat_center,lon_center,osm_id_a,osm_id_b,confidence,confidence_tier,human_verified
DESC_6807B,DESC,SC,Queensboro - Ft Johnson 115 kV & Queensboro-Bayfront 115kV (Queensboro-James Island Sect),Queensboro,Ft Johnson,115,other,,5404301,,2023-12-31,desc_pages/1.txt,Project 1 of 44,32.7227934,-79.9673323,,,32.7227934,-79.9673323,way/290264139,,0.392,low,false
DESC_0167C-D,DESC,SC,Union Pier 115-13.8 kV Sub: Tap,Union Pier,,115,substation,,5300000,,2027-12-31,desc_pages/2.txt,Project 2 of 44,34.7238639,-81.6587799,,,34.7238639,-81.6587799,way/394517338,,0.85,high,false
"DESC_0139M,N",DESC,SC,"Okatie 230-115kV Substation, Jasper – Yemassee 230kV #1 Fold-in",Okatie,,230,substation,,11116933,,2024-12-31,desc_pages/3.txt,Project 3 of 44,,,,,,,,,0.0,unmatched,false
DESC_6341A-F,DESC,SC,Cainhoy - Hamlin 115kV: Rebuild Line and Cainhoy – Hamlin 115 kV #2: Construct New 115 kV Line,Cainhoy,Hamlin,115,new_line,,19890850,,2025-12-01,desc_pages/4.txt,Project 4 of 44,32.941402,-79.8422757,32.859937,-79.7884409,32.9006695,-79.8153583,way/229116275,way/229116306,0.85,high,false
DESC_6808J,DESC,SC,Eastover - Square D 115kV: Rebuild,Eastover,Square D,115,rebuild,,11700000,,2024-06-01,desc_pages/5.txt,Project 5 of 44,,,,,,,,,0.0,unmatched,false
DESC_6808K,DESC,SC,Burton-St Helena 115kV: Rebuild Burton-Frogmore Transmission Section,Burton,St Helena,115,rebuild,,8580000,,2024-12-31,desc_pages/6.txt,Project 6 of 44,32.4364883,-80.7210159,,,32.4364883,-80.7210159,way/185362029,,0.5,medium,false
DESC_6808L,DESC,SC,Burton-St Helena 115kV: Frogmore Distribution - St Helena,Burton,St Helena,115,other,,6925000,,2025-12-31,desc_pages/7.txt,Project 7 of 44,32.4364883,-80.7210159,,,32.4364883,-80.7210159,way/185362029,,0.5,medium,false
"DESC_6808N,O",DESC,SC,VCS1-Denny Terrace 230kV & VCS1-Pineland 230kV: Rebuild Single Circuit Sections,VCS1,Denny Terrace,230,rebuild,,4912096,,2026-12-31,desc_pages/8.txt,Project 8 of 44,,,34.0576091,-81.061561,34.0576091,-81.061561,,way/185130609,0.5,medium,false
DESC_6808R,DESC,SC,Wateree-Killian 230kV: Rebuild,Wateree,Killian,230,rebuild,,48224719,,2028-12-31,desc_pages/9.txt,Project 9 of 44,33.8262718,-80.6240763,32.4428589,-81.1005383,33.13456535,-80.8623073,way/1082130490,way/1064022696,0.195,low,false
DESC_6808S,DESC,SC,Okatie-Bluffton 115kV: Rebuild,Okatie,Bluffton,115,rebuild,,40660000,,2025-06-01,desc_pages/10.txt,Project 10 of 44,,,32.2350272,-80.8533836,32.2350272,-80.8533836,,way/498967268,0.5,medium,false
DESC_6808U,DESC,SC,Hopkins-CIP 230kV: Rebuild,Hopkins,CIP,230,rebuild,,2600000,,2025-12-31,desc_pages/11.txt,Project 11 of 44,,,,,,,,,0.0,unmatched,false
DESC_6808V,DESC,SC,Faber Place-Bayfront 115kV: Rebuild North Bridge Terrace to Bayfront Section,Faber Place,Bayfront,115,rebuild,,10200000,,2028-12-31,desc_pages/12.txt,Project 12 of 44,32.8500798,-80.0146241,,,32.8500798,-80.0146241,way/217507829,,0.425,low,false
DESC_6808W,DESC,SC,Square D - Hopkins 115kV: Rebuild,Square D,Hopkins,115,rebuild,,4300000,,2024-09-30,desc_pages/13.txt,Project 13 of 44,,,,,,,,,0.0,unmatched,false
DESC_6809E,DESC,SC,Stevens Creek - Hooks 115kV/LR Plumb Branch 46kV Rebuilds,Stevens Creek,Hooks,115,other,9.5,11745543,,2024-12-31,desc_pages/14.txt,Project 14 of 44,,,,,,,,,0.0,unmatched,false
DESC_6809G,DESC,SC,Stevens Creek - Hooks 115kV/LR Plumb Branch 46kV,Stevens Creek,Hooks,115,other,6.5,7800000,,2025-12-31,desc_pages/15.txt,Project 15 of 44,,,,,,,,,0.0,unmatched,false
DESC_6805G,DESC,SC,"Edenwood Sub: #1 & #2 230-115kV Autobanks, Replace with 336MVA",Edenwood Sub,,230,new_line,,10833462,,2024-12-25,desc_pages/16.txt,Project 16 of 44,34.1386942,-79.826678,,,34.1386942,-79.826678,way/830186402,,0.6,medium,false
"DESC_1060A,I,L",DESC,SC,"Williams St Sub: Replace Sw House & Relays, AM Williams Sub: Replace Sw House, and McMeekin Sub: Add Sw House",Williams St Sub,,,relay,,9898924,,2028-12-31,desc_pages/17.txt,Project 17 of 44,33.0176985,-79.9321678,,,33.0176985,-79.9321678,way/184867924,,0.85,high,false
DESC_06005B,DESC,SC,Harleyville 115KV Transmission Tap – Construct (1.4 miles),Harleyville,,115,new_line,1.4,2750000,,2027-03-31,desc_pages/18.txt,Project 18 of 44,33.2099069,-80.4511658,,,33.2099069,-80.4511658,way/1075801506,,0.85,high,false
DESC_05004P,DESC,SC,Summerville: Replace and Spare 230-115kV 336MVA Auto Bank,Summerville,,230,substation,,3982052,,2024-12-31,desc_pages/19.txt,Project 19 of 44,33.3477544,-79.2979839,,,33.3477544,-79.2979839,way/229240192,,0.7,medium,false
DESC_06076A,DESC,SC,Canadys-Ritter 115KV-Rebld SPDC 230/115KV 1272 (Approx 18 Miles),Canadys,Ritter,230,rebuild,18.0,40000000,,2026-06-01,desc_pages/20.txt,Project 20 of 44,33.0640963,-80.6205999,,,33.0640963,-80.6205999,way/185032900,,0.5,medium,false
DESC_6359,DESC,SC,Yemassee– Ritter 230kV #1 & #2: Construct SPDC with B-1272,Yemassee,Ritter,230,new_line,,40611419,,2026-06-01,desc_pages/21.txt,Project 21 of 44,32.6974259,-80.8637929,,,32.6974259,-80.8637929,way/185317032,,0.5,medium,false
"DESC_06367A-C,H",DESC,SC,Riverport Tap: Construct Tap,Riverport Tap,,230,new_line,,34877427,,2025-12-31,desc_pages/22.txt,Project 22 of 44,,,,,,,,,0.0,unmatched,false
DESC_06367D-G,DESC,SC,Jasper – Okatie 230 kV #2: Construct,Jasper,Okatie,230,new_line,6.5,23787423,,2025-12-31,desc_pages/23.txt,Project 23 of 44,32.3606993,-81.1241523,,,32.3606993,-81.1241523,way/185380597,,0.425,low,false
DESC_06371D,DESC,SC,Wagener 115kV Tap: Construct Tap,Wagener,,115,new_line,,6005000,,2025-12-31,desc_pages/24.txt,Project 24 of 44,33.6501119,-81.3605659,,,33.6501119,-81.3605659,way/993540535,,0.7,medium,false
DESC_06372A,DESC,SC,Church Creek - Ritter 230kV - Replace 38 Large Angles and Dead Ends,Church Creek,Ritter,230,other,6.5,10850000,,2024-06-01,desc_pages/25.txt,Project 25 of 44,32.8303196,-80.0702792,,,32.8303196,-80.0702792,way/185330726,,0.425,low,false
DESC_06810F,DESC,SC,VCS2-Ward 230kV: Rebuild Line,VCS2,Ward,230,rebuild,40.0,30000000,,2029-12-31,desc_pages/26.txt,Project 26 of 44,,,33.87218,-81.6977228,33.87218,-81.6977228,,way/185197506,0.425,low,false
DESC_06810G,DESC,SC,Goose Creek Reservoir: Rebuild Transmission Line Crossings,Goose Creek Reservoir,,230,rebuild,,9655669,,2024-12-31,desc_pages/27.txt,Project 27 of 44,,,,,,,,,0.0,unmatched,false
DESC_06810H,DESC,SC,Summerville 115kV Loop: Rebuild,Summerville,,115,rebuild,,12475000,,2024-12-31,desc_pages/28.txt,Project 28 of 44,33.3477544,-79.2979839,,,33.3477544,-79.2979839,way/229240192,,0.7,medium,false
DESC_6809M,DESC,SC,St George - Sumter 230kV Tie: Rebuild Line from Santee Substation - Duke/Progress Energy Tie,St George,Sumter,230,rebuild,,4000000,,2025-12-31,desc_pages/29.txt,Project 29 of 44,,,33.8976611,-80.3239761,33.8976611,-80.3239761,,way/185032893,0.425,low,false
DESC_5392A-C,DESC,SC,Coit – Gills Creek 115kV: Construct,Coit,Gills Creek,115,new_line,1.25,2509602,,2024-12-31,desc_pages/30.txt,Project 30 of 44,,,33.5880725,-79.0499859,33.5880725,-79.0499859,,way/1078768297,0.363,low,false
DESC_6810A,DESC,SC,Hooks - Thurmond 115kV Tie: Rebuild,Hooks,Thurmond,115,rebuild,2.3,2200080,,2024-12-31,desc_pages/31.txt,Project 31 of 44,,,33.6601273,-82.1959307,33.6601273,-82.1959307,,way/52102019,0.35,low,false
DESC_6809N,DESC,SC,Batesburg - Saluda County 115kV: Rebuild,Batesburg,Saluda County,115,rebuild,13.5,8750000,,2025-12-31,desc_pages/32.txt,Project 32 of 44,33.9134867,-81.5644353,,,33.9134867,-81.5644353,way/178951280,,0.425,low,false
DESC_6853B-F,DESC,SC,Scout 230 kV Sub and Fold-in: Construct,Scout,,230,new_line,,23685000,,2026-03-31,desc_pages/33.txt,Project 33 of 44,,,,,,,,,0.0,unmatched,false
DESC_6859,DESC,SC,Dawson 230kV Sub and Fold-in: Construct and Rebuild,Dawson,,230,new_line,,93538207,,2025-10-01,desc_pages/34.txt,Project 34 of 44,,,,,,,,,0.0,unmatched,false
DESC_6852,DESC,SC,Urquhart – Toolebeck 115kV line: Rebuild,Urquhart,Toolebeck,115,rebuild,12.5,17520000,,2026-08-12,desc_pages/35.txt,Project 35 of 44,33.4328703,-81.9110807,33.5346321,-81.6693272,33.4837512,-81.79020395,relation/14317637,way/1073259467,0.85,high,false
DESC_6388A,DESC,SC,Williams-Summerville 230kV: Upgrade to SPDC B1272 ACSR,Williams,Summerville,230,other,10.0,19300000,,2027-05-01,desc_pages/36.txt,Project 36 of 44,33.0176985,-79.9321678,32.7958955,-79.9937526,32.906797,-79.9629602,way/184867924,way/310896013,0.775,medium,false
"DESC_0147C,K",DESC,SC,Cainhoy 115 kV Tap: Construct,Cainhoy,,115,new_line,2.8,21850000,,2027-12-31,desc_pages/37.txt,Project 37 of 44,32.941402,-79.8422757,,,32.941402,-79.8422757,way/229116275,,1.0,high,false
"DESC_0147B,J",DESC,SC,Jack Primus 115 kV Tap: Construct,Jack Primus,,115,new_line,2.2,18000000,,2027-12-31,desc_pages/38.txt,Project 38 of 44,32.9193841,-79.9044954,,,32.9193841,-79.9044954,way/1097237376,,0.7,medium,false
"DESC_6847A-B,D-H",DESC,SC,Church Creek – Faber Place – Charleston Transmission: Add 230kV Line,Church Creek,Faber Place,230,other,,34174682,,2027-05-01,desc_pages/39.txt,Project 39 of 44,32.8303196,-80.0702792,32.8500798,-80.0146241,32.8401997,-80.04245165,way/185330726,way/217507829,0.85,high,false
DESC_6846A,DESC,SC,Eastover – Sumter 115kV DEP Tie: Rebuild with 1272 ACSR,Eastover,Sumter,115,rebuild,1.0,1100000,,2026-05-31,desc_pages/40.txt,Project 40 of 44,,,33.8976611,-80.3239761,33.8976611,-80.3239761,,way/185032893,0.425,low,false
DESC_6810U,DESC,SC,Cameron Jct – Elloree 46 kV Rebuild,Cameron Jct,Elloree,46,rebuild,7.3,4500000,,2026-12-31,desc_pages/41.txt,Project 41 of 44,33.5636663,-80.7089959,33.5323844,-80.5797245,33.54802535,-80.6443602,way/318318141,way/1075509549,0.85,high,false
DESC_6810J,DESC,SC,Elloree – Santee City 46 kV: Rebuild,Elloree,Santee City,46,rebuild,7.0,4500000,,2027-12-31,desc_pages/42.txt,Project 42 of 44,33.5323844,-80.5797245,33.4234139,-80.125292,33.47789915,-80.35250825,way/1075509549,way/184966103,0.194,low,false
DESC_6810O,DESC,SC,Urquhart – Aiken PSA 46 kV: Rebuild,Urquhart,Aiken PSA,46,rebuild,4.5,3000000,,2027-12-31,desc_pages/43.txt,Project 43 of 44,33.4328703,-81.9110807,,,33.4328703,-81.9110807,relation/14317637,,0.425,low,false
DESC_6810T,DESC,SC,Cameron Jct – Cameron – St Matthews 46 kV Rebuild,Cameron Jct,Cameron,46,rebuild,9.8,5900000,,2028-12-31,desc_pages/44.txt,Project 44 of 44,33.5636663,-80.7089959,33.5729369,-80.711366,33.5683016,-80.71018095,way/318318141,way/1077428673,0.85,high,false
GPC_21046,GPC,GA,THALMANN AND COLERAIN 23O KV LINE RELAY PANEL UPGRADES,THALMANN,,230,relay,,,2024-12-01,2025-06-01,gpc_irp_vol3.txt,Teams # 21046,31.2934589,-81.6807807,,,31.2934589,-81.6807807,way/52068570,,1.0,high,false
GPC_20326,GPC,GA,ANTHONY SHOALS STATCOM SYSTEM,ANTHONY SHOALS,,,substation,,,2023-08-04,2025-12-31,gpc_irp_vol3.txt,Teams # 20326,34.0018324,-82.6362788,,,34.0018324,-82.6362788,way/171540506,,1.0,high,false
GPC_17075,GPC,GA,SAV: LITTLE OGEECHEE 230-115KV: RELAY MODERNIZATION,LITTLE OGEECHEE,,230,relay,,,2022-06-01,2025-12-31,gpc_irp_vol3.txt,Teams # 17075,32.0067859,-81.2531513,,,32.0067859,-81.2531513,way/121701191,,1.0,high,false
GPC_20491,GPC,GA,EAST POINT RELAY MODERNIZATION,EAST POINT,,,relay,,,2024-01-01,2026-06-01,gpc_irp_vol3.txt,Teams # 20491,33.6763499,-84.4629659,,,33.6763499,-84.4629659,relation/14128477,,1.0,high,false
GPC_20474,GPC,GA,GRADY 230/115KV RELAY MODERNIZATION,GRADY,,230,relay,,,2024-01-01,2026-06-01,gpc_irp_vol3.txt,Teams # 20474,32.9953281,-83.5635642,,,32.9953281,-83.5635642,way/344331787,,0.944,high,false
GPC_20490,GPC,GA,KLONDIKE RELAY MODERNIZATION,KLONDIKE,,,relay,,,2024-01-01,2026-06-01,gpc_irp_vol3.txt,Teams # 20490,33.6369768,-84.124487,,,33.6369768,-84.124487,way/159784541,,1.0,high,false
GPC_20300,GPC,GA,MORROW 115KV RELAY UPGRADE,MORROW,,115,relay,,,2024-06-01,2026-06-01,gpc_irp_vol3.txt,Teams # 20300,33.605931,-84.3334617,,,33.605931,-84.3334617,way/171479107,,1.0,high,false
GPC_20489,GPC,GA,SCOTTDALE RELAY MODERNIZATION,SCOTTDALE,,,relay,,,2024-01-01,2026-06-01,gpc_irp_vol3.txt,Teams # 20489,,,,,,,,,0.0,unmatched,false
GPC_20668,GPC,GA,DRESDEN LINE PROTECTIVE RELAYING,DRESDEN,,,relay,,,2024-12-01,2026-12-01,gpc_irp_vol3.txt,Teams # 20668,33.3511155,-84.9059539,,,33.3511155,-84.9059539,way/163891152,,0.85,high,false
GPC_18832,GPC,GA,MEAG: FORTSON SUBSTATION MODERNIZATION,FORTSON,,,relay,,,2025-01-01,2027-01-13,gpc_irp_vol3.txt,Teams # 18832,32.6101653,-84.9156341,,,32.6101653,-84.9156341,way/163762708,,0.85,high,false
GPC_21022,GPC,GA,OHARA BREAKER REPLACEMENT,OHARA,,,substation,,,2025-10-01,2026-10-01,gpc_irp_vol3.txt,Teams # 21022,33.4819007,-84.3673898,,,33.4819007,-84.3673898,way/159784542,,0.714,medium,false
GPC_20277,GPC,GA,SAV: MCINTOSH - PURRYSBURG 230KV REACTORS,MCINTOSH,PURRYSBURG,230,substation,,,2024-01-01,2026-06-01,gpc_irp_vol3.txt,Teams # 20277,32.3521162,-81.1751124,,,32.3521162,-81.1751124,way/121624352,,0.5,medium,false
GPC_21111,GPC,GA,GTC: HARTWELL DAM - HARTWELL ENERGY 230KV SERIES REACTORS,HARTWELL DAM,HARTWELL ENERGY,230,substation,,,2027-06-01,2030-06-01,gpc_irp_vol3.txt,Teams # 21111,34.3552126,-82.8206727,34.3411567,-82.821173,34.34818465,-82.82092285,way/52168409,way/52408419,0.775,medium,false
GPC_21113,GPC,GA,GTC: HARTWELL ENERGY - MIDDLE FORK 230KV LINE,HARTWELL ENERGY,MIDDLE FORK,230,other,,,2027-06-01,2030-06-01,gpc_irp_vol3.txt,Teams # 21113,34.3411567,-82.821173,,,34.3411567,-82.821173,way/52408419,,0.425,low,false
GPC_19523,GPC,GA,SAV: CC - HYUNDAI MOTORS SAVANNAH AKA. PROJECT EA,HYUNDAI MOTORS SAVANNAH AKA.,,,other,,,2022-06-01,2025-04-25,gpc_irp_vol3.txt,Teams # 19523,32.1666218,-81.4609318,,,32.1666218,-81.4609318,way/1458221220,,0.85,high,false
GPC_18670,GPC,GA,GTC: BANKS CROSSING - POND FORK 115 KV,BANKS CROSSING,POND FORK,115,substation,,,2021-06-01,2025-05-01,gpc_irp_vol3.txt,Teams # 18670,34.3781185,-84.1335754,,,34.3781185,-84.1335754,way/177912657,,0.44,low,false
GPC_18492,GPC,GA,MITCHELL - NORTH TIFTON 230KV RECONDUCTOR,MITCHELL,NORTH TIFTON,230,reconductor,,,2021-12-31,2025-05-01,gpc_irp_vol3.txt,Teams # 18492,31.4471208,-84.1338426,31.4780887,-83.5491296,31.46260475,-83.8414861,way/656743294,way/53154820,1.0,high,false
GPC_19676,GPC,GA,ADAMSVILLE - JACK MCDONOUGH 230KV LINE REBUILD,ADAMSVILLE,JACK MCDONOUGH,230,rebuild,,,2023-06-01,2025-06-01,gpc_irp_vol3.txt,Teams # 19676,34.3687208,-84.9412395,,,34.3687208,-84.9412395,way/1057362279,,0.389,low,false
GPC_18800,GPC,GA,ECHECONNEE-WELLSTON 115KV REBUILD,ECHECONNEE,WELLSTON,115,rebuild,,,2024-01-01,2025-06-01,gpc_irp_vol3.txt,Teams # 18800,,,34.3865972,-84.3787707,34.3865972,-84.3787707,,way/171713857,0.429,low,false
GPC_19187,GPC,GA,GRID - BREMEN - CROOKED CREEK (APC) 115 KV PROJECT,BREMEN,CROOKED CREEK,115,other,,,2021-09-01,2025-06-01,gpc_irp_vol3.txt,Teams # 19187,33.7091924,-85.1427159,34.4509411,-82.9234856,34.08006675,-84.03310075,way/9307582,way/524633669,0.218,low,false
GPC_18153,GPC,GA,GTC: BONAIRE PRI-ECHECONNEE 115 KV PARTIAL REBUILD,BONAIRE PRI,ECHECONNEE,115,rebuild,,,2023-01-01,2025-06-01,gpc_irp_vol3.txt,Teams # 18153,32.5647949,-83.6000226,,,32.5647949,-83.6000226,way/160308063,,0.5,medium,false
GPC_20342,GPC,GA,GTC: CAMDEN INDUSTRIAL PARK 230/115KV NEW SUBSTATION,CAMDEN INDUSTRIAL PARK,,230,new_line,,,2024-01-01,2025-06-01,gpc_irp_vol3.txt,Teams # 20342,,,,,,,,,0.0,unmatched,false
GPC_20590,GPC,GA,GTC: EATONTON PRIMARY - LICK CREEK 115KV LINE SWITCH REPLACEMENT,EATONTON PRIMARY,LICK CREEK,115,other,,,2023-12-01,2025-06-01,gpc_irp_vol3.txt,Teams # 20590,34.2394216,-84.4951067,33.6131562,-85.1112382,33.9262889,-84.80317245,way/178249124,way/684405611,0.879,high,false
GPC_11821,GPC,GA,JESUP - LUDOWICI PRIMARY 115KV REBUILD,JESUP,LUDOWICI PRIMARY,115,rebuild,,,2023-06-01,2025-06-01,gpc_irp_vol3.txt,Teams # 11821,31.6039085,-81.89082,31.7215974,-81.7437028,31.662752949999998,-81.8172614,way/492135523,way/358894868,1.0,high,false
GPC_13753,GPC,GA,MEAG: ALCOVY ROAD - SKC 115 KV RECONDUCTOR,ALCOVY ROAD,SKC,115,reconductor,,,2023-06-01,2025-06-01,gpc_irp_vol3.txt,Teams # 13753,32.0776615,-81.2706903,,,32.0776615,-81.2706903,way/938481400,,0.432,low,false
GPC_13787,GPC,GA,MEAG: AULTMAN ROAD - BONAIRE PRIMARY 115 KV REBUILD,AULTMAN ROAD,BONAIRE PRIMARY,115,rebuild,,,2023-06-01,2025-06-01,gpc_irp_vol3.txt,Teams # 13787,32.56338,-83.7399508,32.5647949,-83.6000226,32.56408745,-83.66998670000001,way/652954546,way/160308063,0.839,high,false
GPC_20464,GPC,GA,NORCROSS 230KV BUS 1-3 SERIES BUS TIE BREAKER INSTALLATION,NORCROSS,,230,substation,,,2023-11-01,2025-06-01,gpc_irp_vol3.txt,Teams # 20464,33.9325571,-84.2134303,,,33.9325571,-84.2134303,way/159758307,,1.0,high,false
GPC_19631,GPC,GA,PINE GROVE PRIMARY 115 KV DUAL STAGE CAPACITOR BANK,PINE GROVE PRIMARY,,115,substation,,,2023-11-01,2025-06-01,gpc_irp_vol3.txt,Teams # 19631,30.8816485,-83.2279869,,,30.8816485,-83.2279869,way/174399121,,1.0,high,false
GPC_20067,GPC,GA,SAV: DEPTFORD - MAGNOLIA 115KV RECONDUCTOR,DEPTFORD,MAGNOLIA,115,reconductor,,,2023-01-01,2025-06-01,gpc_irp_vol3.txt,Teams # 20067,32.0668279,-81.0483845,32.0226869,-81.0861807,32.044757399999995,-81.0672826,way/122007500,way/121857248,1.0,high,false
GPC_20466,GPC,GA,SMART VALVE INSTALLATION,SMART VALVE,,,substation,,,2023-10-01,2025-06-01,gpc_irp_vol3.txt,Teams # 20466,,,,,,,,,0.0,unmatched,false
GPC_20431,GPC,GA,VILLA RICA LOW SIDE BREAKER,VILLA RICA LOW SIDE,,,substation,,,2024-06-01,2025-06-01,gpc_irp_vol3.txt,Teams # 20431,33.7410224,-84.8548652,,,33.7410224,-84.8548652,way/159758304,,0.85,high,false
GPC_20684,GPC,GA,CAMDEN INDUSTRIAL PARK (GPC),CAMDEN INDUSTRIAL PARK,,,other,,,2024-01-01,2025-06-30,gpc_irp_vol3.txt,Teams # 20684,,,,,,,,,0.0,unmatched,false
GPC_18774,GPC,GA,GTC: HEARD COUNTY - TENASKA 500KV (SECOND LINE),HEARD COUNTY,TENASKA,500,other,,,2021-12-01,2025-12-01,gpc_irp_vol3.txt,Teams # 18774,33.358678,-84.9942221,,,33.358678,-84.9942221,way/163891193,,0.425,low,false
GPC_18889,GPC,GA,JEFFERSON STREET#3 - NORTHWEST (WHITE) 115 KV RECONDUCTOR,JEFFERSON STREET,NORTHWEST,115,reconductor,,,2024-01-01,2025-12-01,gpc_irp_vol3.txt,Teams # 18889,34.1181759,-83.569619,32.5959336,-83.6703851,33.35705475,-83.62000205000001,way/1017508450,way/1050196998,0.199,low,false
GPC_20152,GPC,GA,CC - CASS PINE- HILL VIEW 230 KV LINE- CC IMPROVEMENTS,CASS PINE,HILL VIEW,230,other,,,2023-06-01,2025-12-31,gpc_irp_vol3.txt,Teams # 20152,,,,,,,,,0.0,unmatched,false
GPC_20175,GPC,GA,CC - PROJECT CHRONOS- SK/HYUNDAI,PROJECT CHRONOS,SK/HYUNDAI,,other,,,2023-07-31,2025-12-31,gpc_irp_vol3.txt,Teams # 20175,,,,,,,,,0.0,unmatched,false
GPC_20010,GPC,GA,GTC: ANTHONY SHOALS - WASHINGTON 115 KV LINE REBUILD,ANTHONY SHOALS,WASHINGTON,115,rebuild,,,2024-01-01,2025-12-31,gpc_irp_vol3.txt,Teams # 20010,34.0018324,-82.6362788,33.731504,-82.7512848,33.8666682,-82.6937818,way/171540506,way/490789716,1.0,high,false
GPC_18691,GPC,GA,GTC: LIZARD LOPE - WESTOVER 115 KV NEW LINE,LIZARD LOPE,WESTOVER,115,new_line,,,2021-06-01,2026-03-01,gpc_irp_vol3.txt,Teams # 18691,,,34.8855731,-83.973537,34.8855731,-83.973537,,way/189265819,0.279,low,false
GPC_20018,GPC,GA,CC - QTS FAYETTEVILLE TRANSMISSION NEEDS,QTS FAYETTEVILLE,,,other,,,2023-06-01,2026-04-01,gpc_irp_vol3.txt,Teams # 20018,,,,,,,,,0.0,unmatched,false
GPC_19597,GPC,GA,ADAMSVILLE - BUZZARD ROOST 230KV REBUILD AND JUMPER UPGRADE,ADAMSVILLE,BUZZARD ROOST,230,rebuild,,,2024-06-01,2026-06-01,gpc_irp_vol3.txt,Teams # 19597,34.3687208,-84.9412395,,,34.3687208,-84.9412395,way/1057362279,,0.389,low,false
GPC_18960,GPC,GA,BLANKETS CREEK – WOODSTOCK 115KV LINE REBUILD,BLANKETS CREEK,WOODSTOCK,115,rebuild,,,2025-06-01,2026-06-01,gpc_irp_vol3.txt,Teams # 18960,34.1857567,-84.5080123,34.0852701,-84.5134557,34.1355134,-84.510734,way/178249108,way/177931262,1.0,high,false
GPC_20243,GPC,GA,CC - GARRETT ROAD SWITCHING STATION - TRAE LANE,GARRETT ROAD,TRAE LANE,,substation,,,2023-04-30,2026-06-01,gpc_irp_vol3.txt,Teams # 20243,,,,,,,,,0.0,unmatched,false
GPC_20216,GPC,GA,CC - STONEWALL TELL ROAD (TA REALTY),STONEWALL TELL ROAD,,,other,,,2025-01-01,2026-06-01,gpc_irp_vol3.txt,Teams # 20216,,,,,,,,,0.0,unmatched,false
GPC_18679,GPC,GA,DU: EAST DALTON - OOSTANAULA 115KV REBUILD,EAST DALTON,OOSTANAULA,115,rebuild,,,2023-06-01,2026-06-01,gpc_irp_vol3.txt,Teams # 18679,32.8383671,-83.5611353,,,32.8383671,-83.5611353,way/617608897,,0.44,low,false
GPC_16007,GPC,GA,FENWICK STREET - SAND BAR FERRY 115KV (RECONDUCTOR/REBUILD),FENWICK STREET,SAND BAR FERRY,115,rebuild,,,2022-09-01,2026-06-01,gpc_irp_vol3.txt,Teams # 16007,34.3002361,-83.8315162,,,34.3002361,-83.8315162,way/1037359842,,0.438,low,false
GPC_20516,GPC,GA,"GOAT ROCK 230KV SWITCH, JUMPER, & LINE TRAP REPLACEMENT",GOAT ROCK,,230,other,,,2024-01-01,2026-06-01,gpc_irp_vol3.txt,Teams # 20516,32.549294,-84.8720727,,,32.549294,-84.8720727,way/827334305,,0.739,medium,false
GPC_19618,GPC,GA,GORDON-N DUBLIN 115KV (GORDON-ENGL MCI J) REBUILD,GORDON,N DUBLIN,115,rebuild,,,2023-10-01,2026-06-01,gpc_irp_vol3.txt,Teams # 19618,32.8824706,-83.3169141,32.5406038,-82.8945494,32.711537199999995,-83.10573175,way/170991651,way/550916538,0.925,high,false
GPC_21139,GPC,GA,GRADY - MORROW (WHITE) 115KV REBUILD,GRADY,MORROW,115,rebuild,,,2024-06-01,2026-06-01,gpc_irp_vol3.txt,Teams # 21139,32.9953281,-83.5635642,33.605931,-84.3334617,33.30062955,-83.94851295000001,way/344331787,way/171479107,0.243,low,false
GPC_19706,GPC,GA,GRID - GAINESVILLE #2 EQUIPMENT REPLACEMENT,GAINESVILLE EQUIPMENT,,,new_line,,,2024-12-31,2026-06-01,gpc_irp_vol3.txt,Teams # 19706,34.263022,-83.8096728,,,34.263022,-83.8096728,way/179716524,,1.0,high,false
GPC_21137,GPC,GA,GTC: CONYERS - CORNISH MOUNTAIN  115KV LINE UPGRADE,CONYERS,CORNISH MOUNTAIN,115,other,,,2025-06-01,2026-06-01,gpc_irp_vol3.txt,Teams # 21137,,,32.8822043,-84.8894383,32.8822043,-84.8894383,,way/163891151,0.44,low,false
GPC_19334,GPC,GA,GTC: LAGRANGE - NORTH OPELIKA 230 KV,LAGRANGE,NORTH OPELIKA,230,other,,,2023-06-01,2026-06-01,gpc_irp_vol3.txt,Teams # 19334,33.0241058,-85.0156804,,,33.0241058,-85.0156804,way/171039366,,0.5,medium,false
GPC_20015,GPC,GA,GTC: MORNING HORNET 2ND 230/115 KV BANK & THUMBS UP 115KV TL,MORNING HORNET,,230,substation,,,2024-06-01,2026-06-01,gpc_irp_vol3.txt,Teams # 20015,,,,,,,,,0.0,unmatched,false
GPC_19999,GPC,GA,GTC: ROBINS SPRING BUS REPLACEMENT,ROBINS SPRING,,,substation,,,2023-06-01,2026-06-01,gpc_irp_vol3.txt,Teams # 19999,33.0054267,-82.8797626,,,33.0054267,-82.8797626,way/1011162726,,1.0,high,false
GPC_20001,GPC,GA,GTC: ROBINS SPRING CAPACITOR BANK INSTALLATION,ROBINS SPRING CAPACITOR,,,substation,,,2023-01-01,2026-06-01,gpc_irp_vol3.txt,Teams # 20001,33.0054267,-82.8797626,,,33.0054267,-82.8797626,way/1011162726,,1.0,high,false
GPC_19636,GPC,GA,HAMMOND - WEISS DAM 115KV LINE REBUILD,HAMMOND,WEISS DAM,115,rebuild,,,2023-06-01,2026-06-01,gpc_irp_vol3.txt,Teams # 19636,34.2512064,-85.34558,,,34.2512064,-85.34558,way/186429831,,0.481,low,false
GPC_20512,GPC,GA,KATHLEEN AREA IMPROVEMENTS,KATHLEEN,,,other,,,2024-01-01,2026-06-01,gpc_irp_vol3.txt,Teams # 20512,33.9711849,-83.3929946,,,33.9711849,-83.3929946,way/171540519,,0.857,high,false
GPC_19598,GPC,GA,MEAG: DRESDEN - LAGRANGE PRIMARY 230KV UPGRADE & JUMPERS,DRESDEN,LAGRANGE PRIMARY,230,other,,,2024-06-01,2026-06-01,gpc_irp_vol3.txt,Teams # 19598,33.3511155,-84.9059539,33.0862146,-84.9839163,33.21866505,-84.94493510000001,way/163891152,way/171039368,0.925,high,false
GPC_20270,GPC,GA,MEAG: RAY PLACE RD - WASHINGTON #3,RAY PLACE RD,WASHINGTON,,other,,,2024-01-01,2026-06-01,gpc_irp_vol3.txt,Teams # 20270,,,33.7055871,-82.7535734,33.7055871,-82.7535734,,way/490789706,0.5,medium,false
GPC_20271,GPC,GA,MEAG: RAY PLACE RD - WASHINGTON (WASHINGTON - WASHINGTON 3),RAY PLACE RD,WASHINGTON,,other,,,2025-06-01,2026-06-01,gpc_irp_vol3.txt,Teams # 20271,,,33.7055871,-82.7535734,33.7055871,-82.7535734,,way/490789706,0.5,medium,false
GPC_18690,GPC,GA,PALMYRA REACTOR REMOVAL,PALMYRA,,,substation,,,2023-05-01,2026-06-01,gpc_irp_vol3.txt,Teams # 18690,,,,,,,,,0.0,unmatched,false
GPC_20066,GPC,GA,SAV: BOULEVARD - DEPTFORD 115KV RECONDUCTOR,BOULEVARD,DEPTFORD,115,reconductor,,,2025-06-01,2026-06-01,gpc_irp_vol3.txt,Teams # 20066,32.0412308,-81.1444637,32.0668279,-81.0483845,32.05402935,-81.09642410000001,way/381797798,way/122007500,1.0,high,false
GPC_19966,GPC,GA,SAV: CC - BIG OGEECHEE 500/230KV (CC NETWORK IMPROVEMENTS),BIG OGEECHEE,,500,other,,,2023-06-01,2026-06-01,gpc_irp_vol3.txt,Teams # 19966,32.0067859,-81.2531513,,,32.0067859,-81.2531513,way/121701191,,0.9,high,false
GPC_17900,GPC,GA,UNION CITY - YATES 230 KV WHITE LINE REBUILD,UNION CITY,YATES,230,rebuild,,,2023-06-01,2026-06-01,gpc_irp_vol3.txt,Teams # 17900,33.5531702,-84.5090666,33.9711849,-83.3929946,33.76217755,-83.9510306,way/159758306,way/171540519,0.932,high,false
GPC_20691,GPC,GA,UNION CITY - YATES 230KV (WHITE) SWITCH AND TRAP REPLACEMENT,UNION CITY,YATES,230,other,,,2024-05-15,2026-06-01,gpc_irp_vol3.txt,Teams # 20691,33.5531702,-84.5090666,33.9711849,-83.3929946,33.76217755,-83.9510306,way/159758306,way/171540519,0.932,high,false
GPC_20223,GPC,GA,CC - PROJECT PAYTON BAINBRIDGE,PROJECT PAYTON BAINBRIDGE,,,other,,,2024-06-01,2026-06-30,gpc_irp_vol3.txt,Teams # 20223,30.9114763,-84.5487673,,,30.9114763,-84.5487673,way/492355206,,0.9,high,false
GPC_20874,GPC,GA,GTC: BARNESVILLE PRIMARY-BARNESVILLE #1 115KV RECONDUCTOR,BARNESVILLE PRIMARY,BARNESVILLE,115,reconductor,,,2024-06-01,2026-12-01,gpc_irp_vol3.txt,Teams # 20874,33.0320694,-84.2012582,33.0555442,-84.1529696,33.0438068,-84.1771139,way/564834100,way/837495144,1.0,high,false
GPC_20273,GPC,GA,GTC: DRESDEN 500KV BUS EXPANSION,DRESDEN,,500,substation,,,2024-12-01,2026-12-01,gpc_irp_vol3.txt,Teams # 20273,33.3511155,-84.9059539,,,33.3511155,-84.9059539,way/163891152,,0.85,high,false
GPC_20002,GPC,GA,GTC: GORDON - SANDERSVILLE #1 115KV LINE REBUILD,GORDON,SANDERSVILLE,115,rebuild,,,2023-02-01,2026-12-01,gpc_irp_vol3.txt,Teams # 20002,32.8824706,-83.3169141,33.0018214,-82.8327291,32.942145999999994,-83.0748216,way/170991651,way/484518626,0.925,high,false
GPC_20151,GPC,GA,CC - CASS PINE 230/25 NEW SUB - QCELLS - CC IMPROVEMENTS,CASS PINE,QCELLS,,new_line,,,2024-06-01,2026-12-31,gpc_irp_vol3.txt,Teams # 20151,,,,,,,,,0.0,unmatched,false
GPC_19287,GPC,GA,GRADY-WEST END 115KV REBUILD,GRADY,WEST END,115,rebuild,,,2022-06-01,2026-12-31,gpc_irp_vol3.txt,Teams # 19287,32.9953281,-83.5635642,33.9683927,-83.3992859,33.4818604,-83.48142505,way/344331787,way/963459776,0.227,low,false
GPC_19363,GPC,GA,MORROW - MOUNTAIN VIEW 115 KV REBUILD,MORROW,MOUNTAIN VIEW,115,rebuild,,,2024-01-01,2026-12-31,gpc_irp_vol3.txt,Teams # 19363,33.605931,-84.3334617,34.0672037,-84.4242146,33.836567349999996,-84.37883815,way/171479107,way/177931271,0.94,high,false
GPC_20509,GPC,GA,CC - EMBLEM RIVERSIDE CUSTOMER SUB (FLEXENTIAL),EMBLEM RIVERSIDE CUSTOMER SUB,,,substation,,,2025-06-01,2027-03-01,gpc_irp_vol3.txt,Teams # 20509,,,,,,,,,0.0,unmatched,false
GPC_19635,GPC,GA,GTC: HICKORY LEVEL - VILLA RICA 230KV LINE RECONDUCTOR,HICKORY LEVEL,VILLA RICA,230,reconductor,,,2024-05-01,2027-05-01,gpc_irp_vol3.txt,Teams # 19635,30.7646957,-83.2102332,33.7410224,-84.8548652,32.25285905,-84.0325492,way/174399123,way/159758304,0.179,low,false
GPC_19601,GPC,GA,MORROW - YATES COMMON 115KV LINE UPGRADE,MORROW,YATES COMMON,115,other,,,2024-05-01,2027-05-01,gpc_irp_vol3.txt,Teams # 19601,33.605931,-84.3334617,33.4616412,-84.9041978,33.5337861,-84.61882975,way/171479107,way/652943491,1.0,high,false
GPC_15879,GPC,GA,POSSUM BRANCH - YATES COMMON 115KV REBUILD (YATES TO CLEM),POSSUM BRANCH,YATES COMMON,115,rebuild,,,2025-06-01,2027-05-01,gpc_irp_vol3.txt,Teams # 15879,,,33.4616412,-84.9041978,33.4616412,-84.9041978,,way/652943491,0.5,medium,false
GPC_20771,GPC,GA,CC - GULLATT ROAD TRANSMISSION IMPROVEMENTS,GULLATT ROAD,,,other,,,2024-06-01,2027-06-01,gpc_irp_vol3.txt,Teams # 20771,,,,,,,,,0.0,unmatched,false
GPC_18736,GPC,GA,CC - MICROSOFT - SHUGART (CCO06),MICROSOFT,SHUGART,,other,,,2022-12-31,2027-06-01,gpc_irp_vol3.txt,Teams # 18736,,,,,,,,,0.0,unmatched,false
GPC_20781,GPC,GA,CC - SUMMER LAKE - VILLA RICA 230KV REBUILD (CC IMPROVEMENT),SUMMER LAKE,VILLA RICA,230,rebuild,,,2025-06-01,2027-06-01,gpc_irp_vol3.txt,Teams # 20781,33.37809,-84.6767263,33.7410224,-84.8548652,33.5595562,-84.76579575,way/494304424,way/159758304,0.851,high,false
GPC_20736,GPC,GA,CC - TA REALTY ELLENWOOD NETWORK IMPROVEMENTS,TA REALTY ELLENWOOD NETWORK,,,other,,,2024-06-01,2027-06-01,gpc_irp_vol3.txt,Teams # 20736,,,,,,,,,0.0,unmatched,false
GPC_20234,GPC,GA,DOYLE - LG&E MONROE 230KV - JACKS CREEK LOOP IN,DOYLE,LG&E MONROE,230,other,,,2027-01-03,2027-06-01,gpc_irp_vol3.txt,Teams # 20234,33.8379245,-83.698786,33.8172719,-83.6962937,33.8275982,-83.69753985,way/176906118,way/176896779,1.0,high,false
GPC_20858,GPC,GA,GTC: ADAMSVILLE - BUZZARD ROOST 230KV REBUILD,ADAMSVILLE,BUZZARD ROOST,230,rebuild,,,2025-06-01,2027-06-01,gpc_irp_vol3.txt,Teams # 20858,34.3687208,-84.9412395,,,34.3687208,-84.9412395,way/1057362279,,0.389,low,false
GPC_20776,GPC,GA,GTC: DOUGLASVILLE - VILLA RICA 230KV REBUILD (CC IMPROVEMENT),DOUGLASVILLE,VILLA RICA,230,rebuild,,,2025-06-01,2027-06-01,gpc_irp_vol3.txt,Teams # 20776,33.1866678,-84.924139,33.7211333,-84.9207516,33.45390055,-84.92244529999999,way/171039374,way/1051878271,0.871,high,false
GPC_20778,GPC,GA,GTC: DOYLE - WINDER PRIMARY 230KV LINE JUMPER REPLACEMENT,DOYLE,WINDER PRIMARY,230,other,,,2025-12-31,2027-06-01,gpc_irp_vol3.txt,Teams # 20778,33.8379245,-83.698786,33.9954594,-83.7531307,33.91669195,-83.72595835,way/176906118,way/171583070,1.0,high,false
GPC_19358,GPC,GA,GTC: EAST MOULTRIE - HIGHWAY 112 230 KV LINE,EAST MOULTRIE,HIGHWAY,230,other,,,2022-06-01,2027-06-01,gpc_irp_vol3.txt,Teams # 19358,31.2421775,-83.7434741,31.9000772,-83.6945368,31.571127349999998,-83.71900545,way/174466530,way/1051502337,0.85,high,false
GPC_09662,GPC,GA,GTC: EAST WALTON 500/230KV PROJECT,EAST WALTON,,500,other,,,2023-06-01,2027-06-01,gpc_irp_vol3.txt,Teams # 09662,33.3872987,-82.6363941,,,33.3872987,-82.6363941,way/1046106639,,0.75,medium,false
GPC_20505,GPC,GA,GTC: GARRETT RD - V. RICA 230KV LINE RECONDUCTOR (CC NET IM),GARRETT RD,V. RICA,230,reconductor,,,2027-01-01,2027-06-01,gpc_irp_vol3.txt,Teams # 20505,,,33.7410224,-84.8548652,33.7410224,-84.8548652,,way/159758304,0.375,low,false
GPC_19622,GPC,GA,GTC: RIDDLEVILLE BUS REPLACEMENT,RIDDLEVILLE,,,substation,,,2023-01-09,2027-06-01,gpc_irp_vol3.txt,Teams # 19622,32.0606988,-82.1349114,,,32.0606988,-82.1349114,way/320712010,,0.881,high,false
GPC_19606,GPC,GA,GTC: SKC 115KV BUS AND JUMPER REPLACEMENT,SKC,,115,substation,,,2025-06-01,2027-06-01,gpc_irp_vol3.txt,Teams # 19606,,,,,,,,,0.0,unmatched,false
GPC_20020,GPC,GA,GTC: SOUTH HAZLEHURST - NEW LACY 230KV LINE,SOUTH HAZLEHURST,NEW LACY,230,new_line,,,2024-01-15,2027-06-01,gpc_irp_vol3.txt,Teams # 20020,31.8719516,-82.5799117,,,31.8719516,-82.5799117,way/400979756,,0.5,medium,false
GPC_20506,GPC,GA,GTC: SWITCH WAY - THORNTON ROAD 230KV LINE REBUILD,SWITCH WAY,THORNTON ROAD,230,rebuild,,,2025-01-01,2027-06-01,gpc_irp_vol3.txt,Teams # 20506,,,32.1126753,-81.3731603,32.1126753,-81.3731603,,way/1489153816,0.438,low,false
GPC_18668,GPC,GA,JESUP - OFFERMAN 115KV REBUILD,JESUP,OFFERMAN,115,rebuild,,,2021-04-06,2027-06-01,gpc_irp_vol3.txt,Teams # 18668,31.6031063,-81.9249474,31.4147862,-82.0982149,31.50894625,-82.01158115,way/103029795,way/174649779,1.0,high,false
GPC_10143,GPC,GA,LAWRENCEVILLE - WINDER 115KV LINE REBUILD,LAWRENCEVILLE,WINDER,115,rebuild,,,2026-10-15,2027-06-01,gpc_irp_vol3.txt,Teams # 10143,33.944567,-83.9556599,33.9954594,-83.7531307,33.9700132,-83.8543953,way/985152717,way/171583070,1.0,high,false
GPC_10481,GPC,GA,LAWRENCEVILLE - WINDER PRIMARY 230KV LINE REBUILD,LAWRENCEVILLE,WINDER PRIMARY,230,rebuild,,,2024-06-01,2027-06-01,gpc_irp_vol3.txt,Teams # 10481,33.944567,-83.9556599,33.9954594,-83.7531307,33.9700132,-83.8543953,way/985152717,way/171583070,1.0,high,false
GPC_20264,GPC,GA,MEAG: RAY PLACE RD - WARRENTON PRIMARY,RAY PLACE RD,WARRENTON PRIMARY,,other,,,2026-01-01,2027-06-01,gpc_irp_vol3.txt,Teams # 20264,,,33.3805007,-82.687296,33.3805007,-82.687296,,way/170296005,0.5,medium,false
GPC_19248,GPC,GA,SANDERSVILLE #1 - WADLEY PRI. 115KV REBUILD/RECONDUCTOR,SANDERSVILLE,WADLEY PRI.,115,rebuild,,,2022-02-15,2027-06-01,gpc_irp_vol3.txt,Teams # 19248,32.9984771,-82.801938,32.8846571,-82.4158724,32.9415671,-82.60890520000001,way/170295993,way/1005940922,1.0,high,false
GPC_20785,GPC,GA,SAV: GOSHEN (SAV) - KRAFT 115KV LINE REBUILD,GOSHEN,KRAFT,115,rebuild,,,2024-06-01,2027-06-01,gpc_irp_vol3.txt,Teams # 20785,32.2487012,-81.2094724,32.1481353,-81.1459835,32.19841825,-81.17772794999999,way/1008141064,way/121986375,1.0,high,false
GPC_20065,GPC,GA,SAV: GOSHEN (SAV) - MCINTOSH 115KV LINE REBUILD,GOSHEN,MCINTOSH,115,rebuild,,,2025-06-01,2027-06-01,gpc_irp_vol3.txt,Teams # 20065,32.2487012,-81.2094724,32.3521162,-81.1751124,32.3004087,-81.1922924,way/1008141064,way/121624352,1.0,high,false
GPC_20717,GPC,GA,CC - TOMOCHICHI 500/230KV SOLUTION (CC NETWORK IMPROVEMENTS),TOMOCHICHI,,500,other,,,2024-06-01,2027-07-15,gpc_irp_vol3.txt,Teams # 20717,,,,,,,,,0.0,unmatched,false
GPC_18573,GPC,GA,GRID - ARKWRIGHT - LLOYD SHOALS 115KV,ARKWRIGHT,LLOYD SHOALS,115,other,,,2021-06-01,2027-07-30,gpc_irp_vol3.txt,Teams # 18573,32.9272219,-83.698878,,,32.9272219,-83.698878,way/164024559,,0.485,low,false
GPC_20591,GPC,GA,GTC: EATONTON PRIMARY (035591) - LICK CREEK 115KV REBUILD,EATONTON PRIMARY,LICK CREEK,115,rebuild,,,2023-10-01,2027-12-01,gpc_irp_vol3.txt,Teams # 20591,34.2394216,-84.4951067,33.6131562,-85.1112382,33.9262889,-84.80317245,way/178249124,way/684405611,0.879,high,false
GPC_17977,GPC,GA,ATHENA - EAST WATKINSVILLE 115 KV (REBUILD),ATHENA,EAST WATKINSVILLE,115,rebuild,,,2024-08-01,2027-12-31,gpc_irp_vol3.txt,Teams # 17977,33.9764031,-83.3461189,33.8640034,-83.3922512,33.92020325,-83.36918505,way/171540528,way/1017508479,1.0,high,false
GPC_20150,GPC,GA,CC - HILL VIEW & GRASSY HOLLOW SUB - CC IMPROVEMENTS,HILL VIEW,CC,,substation,,,2023-06-01,2027-12-31,gpc_irp_vol3.txt,Teams # 20150,,,,,,,,,0.0,unmatched,false
GPC_20024,GPC,GA,DYER ROAD - EAST ROANOKE 115KV (REBUILD),DYER ROAD,EAST ROANOKE,115,rebuild,,,2025-06-01,2027-12-31,gpc_irp_vol3.txt,Teams # 20024,34.2728832,-83.8738012,33.5034915,-84.0728281,33.88818735,-83.97331464999999,way/1037359821,way/967607999,0.865,high,false
GPC_19997,GPC,GA,AULTMAN ROAD-PERRY 115KV LINE REBUILD,AULTMAN ROAD,PERRY,115,rebuild,,,2025-06-01,2028-06-01,gpc_irp_vol3.txt,Teams # 19997,32.56338,-83.7399508,32.4553814,-83.7020208,32.5093807,-83.7209858,way/652954546,way/177850740,0.764,medium,false
GPC_20797,GPC,GA,CC - EAST VILLA RICA AREA SWITCHING STATION (CC IMPROVEMENT),EAST VILLA RICA,,,substation,,,2025-06-01,2028-06-01,gpc_irp_vol3.txt,Teams # 20797,33.7410224,-84.8548652,,,33.7410224,-84.8548652,way/159758304,,0.85,high,false
GPC_20774,GPC,GA,CC - VILLA RICA UPGRADES (CC NETWORK IMPROVEMENTS),VILLA RICA,,,other,,,2026-06-01,2028-06-01,gpc_irp_vol3.txt,Teams # 20774,33.7410224,-84.8548652,,,33.7410224,-84.8548652,way/159758304,,0.85,high,false
GPC_21048,GPC,GA,FITZGERALD - PITTS 115 KV LINE REBUILD,FITZGERALD,PITTS,115,rebuild,,,2025-06-01,2028-06-01,gpc_irp_vol3.txt,Teams # 21048,31.7293346,-83.2924114,,,31.7293346,-83.2924114,way/617660021,,0.425,low,false
GPC_08458,GPC,GA,GTC: BARNESVILLE - SOUTH GRIFFIN 230KV PROJECT,BARNESVILLE,SOUTH GRIFFIN,230,other,,,2026-01-01,2028-06-01,gpc_irp_vol3.txt,Teams # 08458,33.0555442,-84.1529696,33.2488421,-84.2404489,33.15219315,-84.19670925,way/837495144,way/135911712,1.0,high,false
GPC_20503,GPC,GA,GTC: BARNEYVILLE - EAST MOULTRIE 115KV NEW LINE,BARNEYVILLE,EAST MOULTRIE,115,new_line,,,2025-06-01,2028-06-01,gpc_irp_vol3.txt,Teams # 20503,33.0320694,-84.2012582,31.2421775,-83.7434741,32.13712345,-83.97236615,way/564834100,way/174466530,0.244,low,false
GPC_20873,GPC,GA,GTC: BONAIRE PRIMARY 500/230KV XFMR REPLCMNT & RELAY MOD,BONAIRE PRIMARY,,500,relay,,,2024-03-14,2028-06-01,gpc_irp_vol3.txt,Teams # 20873,32.5647949,-83.6000226,,,32.5647949,-83.6000226,way/160308063,,1.0,high,false
GPC_19992,GPC,GA,GTC: BOSTWICK - EAST SOCIAL CIRCLE 230KV RECONDUCTOR,BOSTWICK,EAST SOCIAL CIRCLE,230,reconductor,,,2024-12-31,2028-06-01,gpc_irp_vol3.txt,Teams # 19992,,,33.6741503,-83.6793256,33.6741503,-83.6793256,,way/171531630,0.425,low,false
GPC_20777,GPC,GA,JACK MCDONOUGH - NORTHWEST (BLACK) 230KV RECONDUCTOR,JACK MCDONOUGH,NORTHWEST,230,reconductor,,,2025-06-01,2028-06-01,gpc_irp_vol3.txt,Teams # 20777,,,32.5959336,-83.6703851,32.5959336,-83.6703851,,way/1050196998,0.294,low,false
GPC_19629,GPC,GA,MEAG: BRUMBLEY CREEK - SOUTH BAINBRIDGE 115KV REBUILD,BRUMBLEY CREEK,SOUTH BAINBRIDGE,115,rebuild,,,2024-01-01,2028-06-01,gpc_irp_vol3.txt,Teams # 19629,33.8681196,-83.8823506,30.9125521,-84.5669923,32.39033585,-84.22467144999999,way/175826909,way/1058040908,0.232,low,false
GPC_19630,GPC,GA,MEAG: THOMASVILLE 230/115KV AUTOBANK REPLACEMENT,THOMASVILLE,,230,substation,,,2027-06-01,2028-06-01,gpc_irp_vol3.txt,Teams # 19630,30.9085196,-84.0050314,,,30.9085196,-84.0050314,way/172096005,,0.7,medium,false
GPC_20482,GPC,GA,PITTMAN ROAD - WEST POINT DAM (USA) 115KV REBUILD,PITTMAN ROAD,WEST POINT DAM,115,rebuild,,,2025-06-01,2028-06-01,gpc_irp_vol3.txt,Teams # 20482,32.56338,-83.7399508,32.8834421,-85.1659077,32.72341105,-84.45292925000001,way/652954546,way/1058469134,0.18,low,false
GPC_20656,GPC,GA,PLANT YATES BREAKER AND HALF STATION,PLANT YATES,,,substation,,,2024-05-01,2028-06-01,gpc_irp_vol3.txt,Teams # 20656,,,,,,,,,0.0,unmatched,false
GPC_20783,GPC,GA,SAV: COLEMAN - DEAN FOREST 115KV LINE REBUILD,COLEMAN,DEAN FOREST,115,rebuild,,,2025-06-01,2028-06-01,gpc_irp_vol3.txt,Teams # 20783,32.1077199,-81.226912,32.0835097,-81.1887223,32.0956148,-81.20781715,way/608270486,way/121674829,1.0,high,false
GPC_20407,GPC,GA,SAV: MAGNOLIA - TRUMAN PARKWAY 115KV REBUILD,MAGNOLIA,TRUMAN PARKWAY,115,rebuild,,,2025-06-01,2028-06-01,gpc_irp_vol3.txt,Teams # 20407,32.0226869,-81.0861807,,,32.0226869,-81.0861807,way/121857248,,0.5,medium,false
GPC_21069,GPC,GA,SMART VALVES AT EAST VILLA RICA SWITCHING STATION,SMART VALVES AT EAST VILLA RICA,,,substation,,,2028-06-01,2028-06-01,gpc_irp_vol3.txt,Teams # 21069,,,,,,,,,0.0,unmatched,false
GPC_20768,GPC,GA,SOUTH MACON 115KV BUSES 1 & 2 REPLACEMENT,SOUTH MACON,,115,substation,,,2025-01-15,2028-06-01,gpc_irp_vol3.txt,Teams # 20768,32.8203492,-83.6261978,,,32.8203492,-83.6261978,way/170991653,,1.0,high,false
GPC_20274,GPC,GA,UNION CITY - YATES 230KV (BLACK) LINE REBUILD,UNION CITY,YATES,230,rebuild,,,2025-06-01,2028-06-01,gpc_irp_vol3.txt,Teams # 20274,33.5531702,-84.5090666,33.9711849,-83.3929946,33.76217755,-83.9510306,way/159758306,way/171540519,0.932,high,false
GPC_13166,GPC,GA,FIRST AVENUE - NORTH COLUMBUS 115KV LINE REBUILD,FIRST AVENUE,NORTH COLUMBUS,115,rebuild,,,2028-01-01,2028-12-01,gpc_irp_vol3.txt,Teams # 13166,34.1374063,-83.9763399,,,34.1374063,-83.9763399,way/171642664,,0.432,low,false
GPC_20586,GPC,GA,GTC: NORTH DUBLIN 230/115KV TRANSFORMERS AND BUS-TIE BREAKER,NORTH DUBLIN,,230,substation,,,2023-11-01,2028-12-01,gpc_irp_vol3.txt,Teams # 20586,32.5406038,-82.8945494,,,32.5406038,-82.8945494,way/550916538,,0.85,high,false
GPC_21062,GPC,GA,ASHLEY PARK-WANSLEY 500KV,ASHLEY PARK,WANSLEY,500,other,,,2024-12-01,2029-06-01,gpc_irp_vol3.txt,Teams # 21062,30.8061535,-83.2881776,32.8085612,-82.3974655,31.80735735,-82.84282155,way/722727347,way/170822073,0.724,medium,false
GPC_10222,GPC,GA,BLAKELY PRIMARY - HUCKLEBERRY 115KV REBUILD,BLAKELY PRIMARY,HUCKLEBERRY,115,rebuild,,,2025-06-01,2029-06-01,gpc_irp_vol3.txt,Teams # 10222,31.371554,-84.9059802,,,31.371554,-84.9059802,way/270628470,,0.5,medium,false
GPC_21047,GPC,GA,BROADWAY - ECHECONNEE 115 KV LINE REBUILD,BROADWAY,ECHECONNEE,115,rebuild,,,2025-01-01,2029-06-01,gpc_irp_vol3.txt,Teams # 21047,,,,,,,,,0.0,unmatched,false
GPC_16887,GPC,GA,BUTLER - THOMASTON 230KV LINE CONVERSION,BUTLER,THOMASTON,230,other,,,2025-01-01,2029-06-01,gpc_irp_vol3.txt,Teams # 16887,32.5765375,-84.3123533,32.8999225,-84.3125168,32.73823,-84.31243505,way/1052137284,way/160308061,0.925,high,false
GPC_21036,GPC,GA,BUZZARD ROOST - FACTORY SHOALS 230KV NEW LINE,BUZZARD ROOST,FACTORY SHOALS,230,new_line,,,2026-06-01,2029-06-01,gpc_irp_vol3.txt,Teams # 21036,,,34.0018324,-82.6362788,34.0018324,-82.6362788,,way/171540506,0.446,low,false
GPC_21142,GPC,GA,CONYERS - KLONDIKE 230 KV SECOND LINE,CONYERS,KLONDIKE,230,other,,,2026-06-01,2029-06-01,gpc_irp_vol3.txt,Teams # 21142,,,33.6369768,-84.124487,33.6369768,-84.124487,,way/159784541,0.5,medium,false
GPC_21138,GPC,GA,GLENWOOD SPRINGS - PORTERDALE PRIMARY 230KV LINE SWITCH REPL,GLENWOOD SPRINGS,PORTERDALE PRIMARY,230,other,,,2029-06-01,2029-06-01,gpc_irp_vol3.txt,Teams # 21138,33.9279706,-83.8151927,33.5850471,-84.4178294,33.75650885,-84.11651105,way/177612863,way/171479144,0.868,high,false
GPC_21112,GPC,GA,GTC: BARNESVILLE PRIMARY - THOMASTON 230KV,BARNESVILLE PRIMARY,THOMASTON,230,other,,,2027-06-01,2029-06-01,gpc_irp_vol3.txt,Teams # 21112,33.0320694,-84.2012582,32.9465641,-84.2664792,32.98931675,-84.2338687,way/564834100,way/729075834,1.0,high,false
GPC_10814,GPC,GA,GTC: BAY CREEK 230/115KV SECOND AUTO TRANSFORMER,BAY CREEK,,230,substation,,,2028-06-01,2029-06-01,gpc_irp_vol3.txt,Teams # 10814,33.8681196,-83.8823506,,,33.8681196,-83.8823506,way/175826909,,1.0,high,false
GPC_21140,GPC,GA,GTC: BONAIRE PRIMARY - EASTMAN PRIMARY 115 KV LINE REBUILD,BONAIRE PRIMARY,EASTMAN PRIMARY,115,rebuild,,,2026-01-01,2029-06-01,gpc_irp_vol3.txt,Teams # 21140,32.5631,-83.5984235,32.2132993,-83.1614216,32.388199650000004,-83.37992255,way/160308109,way/164880657,0.775,medium,false
GPC_20849,GPC,GA,GTC: CLIFTONDALE - LINE CREEK 230KV LINE,CLIFTONDALE,LINE CREEK,230,other,,,2026-06-01,2029-06-01,gpc_irp_vol3.txt,Teams # 20849,34.1889572,-85.1649429,34.5718803,-84.0034505,34.38041875,-84.5841967,relation/14091863,way/1059984104,0.744,medium,false
GPC_19950,GPC,GA,GTC: DRESDEN - TALBOT 500KV LINE,DRESDEN,TALBOT,500,other,,,2025-06-01,2029-06-01,gpc_irp_vol3.txt,Teams # 19950,33.3511155,-84.9059539,34.1798285,-83.698739,33.765472,-84.30234645,way/163891152,way/802851170,0.857,high,false
GPC_20760,GPC,GA,GTC: HOPEWELL 230/115 KV BANK A,HOPEWELL,,230,substation,,,2028-06-01,2029-06-01,gpc_irp_vol3.txt,Teams # 20760,34.1741923,-84.2834055,,,34.1741923,-84.2834055,way/177931281,,1.0,high,false
GPC_21123,GPC,GA,GTC: TENASKA - WANSLEY 500KV NEW LINE,TENASKA,WANSLEY,500,new_line,,,2024-12-01,2029-06-01,gpc_irp_vol3.txt,Teams # 21123,,,33.4109556,-85.030769,33.4109556,-85.030769,,way/159784571,0.425,low,false
GPC_21141,GPC,GA,LLOYD SHOALS - PORTERDALE PRIMARY 115KV REBUILD,LLOYD SHOALS,PORTERDALE PRIMARY,115,rebuild,,,2026-03-01,2029-06-01,gpc_irp_vol3.txt,Teams # 21141,,,33.5850471,-84.4178294,33.5850471,-84.4178294,,way/171479144,0.434,low,false
GPC_20285,GPC,GA,LOWER RIVER - WEBB (APC) 115KV RECONDUCTOR,LOWER RIVER,WEBB,115,reconductor,,,2025-06-01,2029-06-01,gpc_irp_vol3.txt,Teams # 20285,,,,,,,,,0.0,unmatched,false
GPC_19621,GPC,GA,MCEVER ROAD - SHOAL CREEK 115KV REBUILD,MCEVER ROAD,SHOAL CREEK,115,rebuild,,,2024-12-31,2029-06-01,gpc_irp_vol3.txt,Teams # 19621,34.2728832,-83.8738012,34.16327,-84.11349,34.2180766,-83.99364560000001,way/1037359821,way/171642663,0.95,high,false
GPC_20346,GPC,GA,MCMANUS - WEST BRUNSWICK 115KV REBUILD,MCMANUS,WEST BRUNSWICK,115,rebuild,,,2026-01-01,2029-06-01,gpc_irp_vol3.txt,Teams # 20346,,,31.2799089,-81.5586568,31.2799089,-81.5586568,,way/174697782,0.5,medium,false
GPC_17706,GPC,GA,MEAG: AULTMAN ROAD - FORT VALLEY #1 115 KV REBUILD,AULTMAN ROAD,FORT VALLEY,115,rebuild,,,2026-06-01,2029-06-01,gpc_irp_vol3.txt,Teams # 17706,32.56338,-83.7399508,32.561358,-83.8722581,32.562369000000004,-83.80610444999999,way/652954546,way/493048692,0.764,medium,false
GPC_11051,GPC,GA,MEAG: SLAPPEY DRIVE - WESTOVER 115KV LINE REBUILD,SLAPPEY DRIVE,WESTOVER,115,rebuild,,,2026-06-01,2029-06-01,gpc_irp_vol3.txt,Teams # 11051,,,34.8855731,-83.973537,34.8855731,-83.973537,,way/189265819,0.279,low,false
GPC_20757,GPC,GA,NORCROSS - NORTH DRUID HILLS 115KV REBUILD,NORCROSS,NORTH DRUID HILLS,115,rebuild,,,2025-01-01,2029-06-01,gpc_irp_vol3.txt,Teams # 20757,33.9325571,-84.2134303,,,33.9325571,-84.2134303,way/159758307,,0.5,medium,false
GPC_21006,GPC,GA,SAV: BOULEVARD - MAGNOLIA  115 KV LINE REBUILD,BOULEVARD,MAGNOLIA,115,rebuild,,,2027-01-01,2029-06-01,gpc_irp_vol3.txt,Teams # 21006,32.0412308,-81.1444637,32.0226869,-81.0861807,32.031958849999995,-81.11532220000001,way/381797798,way/121857248,1.0,high,false
GPC_21023,GPC,GA,SAV: DEAN FOREST - LITTLE OGEECHEE 230 KV REBUILD,DEAN FOREST,LITTLE OGEECHEE,230,rebuild,,,2026-01-01,2029-06-01,gpc_irp_vol3.txt,Teams # 21023,32.0835097,-81.1887223,32.0067859,-81.2531513,32.045147799999995,-81.2209368,way/121674829,way/121701191,1.0,high,false
GPC_20989,GPC,GA,SAV: RICE HOPE NEW AUTO TRANSFORMER,RICE HOPE,,,new_line,,,2025-06-01,2029-06-01,gpc_irp_vol3.txt,Teams # 20989,,,,,,,,,0.0,unmatched,false
GPC_13628,GPC,GA,SOUTH BAINBRIDGE - SINAI (FPL) 115KV LINE RECONDUCTOR,SOUTH BAINBRIDGE,SINAI,115,reconductor,,,2025-06-01,2029-06-01,gpc_irp_vol3.txt,Teams # 13628,30.8396079,-84.4889211,,,30.8396079,-84.4889211,way/165831924,,0.5,medium,false
GPC_20248,GPC,GA,BAY CREEK - CONYERS 230KV REBUILD,BAY CREEK,CONYERS,230,rebuild,,,2031-06-01,2029-12-31,gpc_irp_vol3.txt,Teams # 20248,33.8681196,-83.8823506,,,33.8681196,-83.8823506,way/175826909,,0.5,medium,false
GPC_21129,GPC,GA,ANNISTON - HAMMOND 230KV LINE,ANNISTON,HAMMOND,230,other,,,2025-06-01,2030-06-01,gpc_irp_vol3.txt,Teams # 21129,34.2394216,-84.4951067,34.2512064,-85.34558,34.245314,-84.92034335,way/178249124,way/186429831,0.909,high,false
GPC_20764,GPC,GA,ATKINSON - NORTHSIDE DRIVE 115KV REBUILD,ATKINSON,NORTHSIDE DRIVE,115,rebuild,,,2027-06-01,2030-06-01,gpc_irp_vol3.txt,Teams # 20764,,,,,,,,,0.0,unmatched,false
GPC_20761,GPC,GA,ATKINSON - NORTHWEST 115KV REBUILD,ATKINSON,NORTHWEST,115,rebuild,,,2027-06-01,2030-06-01,gpc_irp_vol3.txt,Teams # 20761,,,32.5959336,-83.6703851,32.5959336,-83.6703851,,way/1050196998,0.294,low,false
GPC_21130,GPC,GA,CC - NORTH GEORGIA DATA NETWORK UPGRADES,NORTH GEORGIA DATA NETWORK,,,other,,,2026-06-01,2030-06-01,gpc_irp_vol3.txt,Teams # 21130,,,,,,,,,0.0,unmatched,false
GPC_10478,GPC,GA,CORNELIA - TALLULAH LODGE 115KV REBUILD,CORNELIA,TALLULAH LODGE,115,rebuild,,,2027-06-01,2030-06-01,gpc_irp_vol3.txt,Teams # 10478,,,,,,,,,0.0,unmatched,false
GPC_18669,GPC,GA,DU: DAWSON CROSSING - NELSON (WHITE) 115 KV REBUILD,DAWSON CROSSING,NELSON,115,rebuild,,,2024-12-31,2030-06-01,gpc_irp_vol3.txt,Teams # 18669,34.3781185,-84.1335754,34.3829368,-84.3703566,34.380527650000005,-84.251966,way/177912657,way/1059984089,0.925,high,false
GPC_21097,GPC,GA,EAST POINT - TRIBUTARY 230KV REBUILD,EAST POINT,TRIBUTARY,230,rebuild,,,2027-06-01,2030-06-01,gpc_irp_vol3.txt,Teams # 21097,33.6763499,-84.4629659,,,33.6763499,-84.4629659,relation/14128477,,0.5,medium,false
GPC_20480,GPC,GA,EAST POINT - UNION CITY 230KV BLACK LINE RECONDUCTOR,EAST POINT,UNION CITY,230,reconductor,,,2028-06-01,2030-06-01,gpc_irp_vol3.txt,Teams # 20480,33.6763499,-84.4629659,33.5531702,-84.5090666,33.61476005,-84.48601625,relation/14128477,way/159758306,1.0,high,false
GPC_19627,GPC,GA,ECHECONNEE-WELLSTON 115KV LINE REBUILD,ECHECONNEE,WELLSTON,115,rebuild,,,2023-06-01,2030-06-01,gpc_irp_vol3.txt,Teams # 19627,,,34.3865972,-84.3787707,34.3865972,-84.3787707,,way/171713857,0.429,low,false
GPC_21063,GPC,GA,FARLEY (APC)-TAZEWELL 500KV,FARLEY,TAZEWELL,500,other,,,2024-12-01,2030-06-01,gpc_irp_vol3.txt,Teams # 21063,32.1850047,-82.5805773,33.3036612,-82.767595,32.74433295,-82.67408615,way/170833683,way/761324116,0.86,high,false
GPC_12120,GPC,GA,GAINESVILLE #2 - MCEVER ROAD 115 KV REBUILD,GAINESVILLE,MCEVER ROAD,115,new_line,,,2025-12-31,2030-06-01,gpc_irp_vol3.txt,Teams # 12120,34.304997,-83.8631294,34.2728832,-83.8738012,34.288940100000005,-83.8684653,way/1037359837,way/1037359821,1.0,high,false
GPC_20298,GPC,GA,GLENWOOD SPRINGS - LAKE OCONEE 115KV LINE REBUILD,GLENWOOD SPRINGS,LAKE OCONEE,115,rebuild,,,2027-06-01,2030-06-01,gpc_irp_vol3.txt,Teams # 20298,32.1856872,-82.666821,32.8529438,-82.9654805,32.5193155,-82.81615074999999,way/1027432898,way/1041608721,1.0,high,false
GPC_21128,GPC,GA,GOAT ROCK REACTORS INSTALLATION,GOAT ROCK,,,substation,,,2028-06-01,2030-06-01,gpc_irp_vol3.txt,Teams # 21128,32.549294,-84.8720727,,,32.549294,-84.8720727,way/827334305,,0.739,medium,false
GPC_19996,GPC,GA,GOLDENS CREEK - WARRENTON PRIMARY 230KV REBUILD,GOLDENS CREEK,WARRENTON PRIMARY,230,rebuild,,,2028-06-01,2030-06-01,gpc_irp_vol3.txt,Teams # 19996,34.0513087,-84.1717497,33.4064479,-82.6708417,33.728878300000005,-83.4212957,way/1012805245,way/1046106634,0.234,low,false
GPC_20428,GPC,GA,GORDON-SANDERSVILLE #1 115KV LINE REBUILD (DEEPSTEP-SAND #6),GORDON,SANDERSVILLE,115,rebuild,,,2023-12-01,2030-06-01,gpc_irp_vol3.txt,Teams # 20428,32.8824706,-83.3169141,33.0018214,-82.8327291,32.942145999999994,-83.0748216,way/170991651,way/484518626,0.925,high,false
GPC_21116,GPC,GA,GOSHEN AREA STRATEGIC SOLUTION,GOSHEN,,,other,,,2025-06-01,2030-06-01,gpc_irp_vol3.txt,Teams # 21116,33.3197599,-81.9953118,,,33.3197599,-81.9953118,way/52019569,,1.0,high,false
GPC_21073,GPC,GA,GTC: BIG SMARR - TOMOCHICHI 500KV,BIG SMARR,TOMOCHICHI,500,other,,,2024-12-01,2030-06-01,gpc_irp_vol3.txt,Teams # 21073,32.9521779,-83.8525376,,,32.9521779,-83.8525376,way/160308087,,0.5,medium,false
GPC_21014,GPC,GA,GTC: BUZZARD ROOST - CAVENDER DRIVE 230KV NEW LINE,BUZZARD ROOST,CAVENDER DRIVE,230,new_line,,,2026-06-01,2030-06-01,gpc_irp_vol3.txt,Teams # 21014,,,,,,,,,0.0,unmatched,false
GPC_21013,GPC,GA,GTC: CAVENDER DRIVE 500/230KV AUTOBANK,CAVENDER DRIVE,,500,substation,,,2026-06-01,2030-06-01,gpc_irp_vol3.txt,Teams # 21013,,,,,,,,,0.0,unmatched,false
GPC_20375,GPC,GA,GTC: EAST WATKINSVILLE 230 KV STATION MODIFICATION,EAST WATKINSVILLE,,230,substation,,,2028-06-01,2030-06-01,gpc_irp_vol3.txt,Teams # 20375,33.8605463,-83.3847649,,,33.8605463,-83.3847649,way/171540512,,1.0,high,false
GPC_21131,GPC,GA,GTC: POND FORK - MIDWAY 115KV LINE,POND FORK,MIDWAY,115,other,,,2026-06-01,2030-06-01,gpc_irp_vol3.txt,Teams # 21131,,,31.9585503,-81.0309053,31.9585503,-81.0309053,,way/121886494,0.429,low,false
GPC_21077,GPC,GA,GTC: ROCKVILLE - TIGER CREEK -WARTHEN 500KV LINES,ROCKVILLE,TIGER CREEK,500,other,,,2024-12-01,2030-06-01,gpc_irp_vol3.txt,Teams # 21077,33.4429897,-85.1314998,33.0945058,-82.9815846,33.26874775,-84.0565422,way/171170611,way/170296000,0.869,high,false
GPC_21076,GPC,GA,GTC: TALBOT #2 - TAZEWELL 500KV LINE,TALBOT,TAZEWELL,500,new_line,,,2024-12-01,2030-06-01,gpc_irp_vol3.txt,Teams # 21076,34.1798285,-83.698739,33.3036612,-82.767595,33.74174485,-83.23316700000001,way/802851170,way/761324116,0.86,high,false
GPC_21094,GPC,GA,GTC: TIGER CREEK-ROCKVILLE-NORTH SPA 230KV PROJECT,TIGER CREEK,ROCKVILLE,230,other,,,2025-01-01,2030-06-01,gpc_irp_vol3.txt,Teams # 21094,33.0945058,-82.9815846,31.9504149,-83.4572497,32.52246035,-83.21941715,way/170296000,way/868287852,0.851,high,false
GPC_20789,GPC,GA,JEFFERSON ROAD - WINDER PRIMARY 115KV REBUILD,JEFFERSON ROAD,WINDER PRIMARY,115,rebuild,,,2025-06-01,2030-06-01,gpc_irp_vol3.txt,Teams # 20789,34.1181759,-83.569619,34.023516,-83.7578307,34.07084595,-83.66372485,way/1017508450,way/171583083,1.0,high,false
GPC_20284,GPC,GA,KETTLE CREEK PRIMARY - PINE GROVE PRIMARY 115KV REBUILD,KETTLE CREEK PRIMARY,PINE GROVE PRIMARY,115,rebuild,,,2026-06-02,2030-06-01,gpc_irp_vol3.txt,Teams # 20284,33.5496013,-84.3430254,33.3253597,-85.0144651,33.4374805,-84.67874524999999,way/1033160791,way/180248799,0.883,high,false
GPC_21118,GPC,GA,MEAG: ATHENA - WARRENTON 230KV CONVERSION,ATHENA,WARRENTON,230,other,,,2025-06-01,2030-06-01,gpc_irp_vol3.txt,Teams # 21118,33.9764031,-83.3461189,33.4064479,-82.6708417,33.6914255,-83.0084803,way/171540528,way/1046106634,1.0,high,false
GPC_20857,GPC,GA,NEW CAVENDER DRIVE - TRIBUTARY 230KV LINE,NEW CAVENDER DRIVE,TRIBUTARY,230,new_line,,,2026-06-01,2030-06-01,gpc_irp_vol3.txt,Teams # 20857,,,,,,,,,0.0,unmatched,false
GPC_21093,GPC,GA,NORTH SPA 230KV STRATEGIC PROJECT,NORTH SPA,,230,other,,,2025-01-01,2030-06-01,gpc_irp_vol3.txt,Teams # 21093,31.6292066,-81.899016,,,31.6292066,-81.899016,way/730172673,,0.9,high,false
GPC_19995,GPC,GA,TALLULAH LODGE - TOCCOA 115 KV REBUILD,TALLULAH LODGE,TOCCOA,115,rebuild,,,2025-12-31,2030-06-01,gpc_irp_vol3.txt,Teams # 19995,,,34.5809462,-83.3527341,34.5809462,-83.3527341,,way/52440914,0.5,medium,false
GPC_21098,GPC,GA,TRIBUTARY - THORNTON RD 230KV REBUILD,TRIBUTARY,THORNTON RD,230,rebuild,,,2027-06-01,2030-06-01,gpc_irp_vol3.txt,Teams # 21098,,,,,,,,,0.0,unmatched,false
GPC_20160,GPC,GA,THOMASTON 230 NEW BUILD SUB,THOMASTON,,,new_line,,,2026-01-01,2030-11-01,gpc_irp_vol3.txt,Teams # 20160,32.8999225,-84.3125168,,,32.8999225,-84.3125168,way/160308061,,1.0,high,false
GPC_18848,GPC,GA,"BAINBRIDGE TRANSMISSION: EAST RIVER ROAD, EAST BAINBRIDGE",BAINBRIDGE,,,other,,,2023-06-01,2030-12-31,gpc_irp_vol3.txt,Teams # 18848,30.8396079,-84.4889211,,,30.8396079,-84.4889211,way/165831924,,1.0,high,false
GPC_19626,GPC,GA,GLENWOOD SPRINGS 115KV CAP BANK,GLENWOOD SPRINGS,,115,substation,,,2028-01-01,2030-12-31,gpc_irp_vol3.txt,Teams # 19626,32.1856872,-82.666821,,,32.1856872,-82.666821,way/1027432898,,1.0,high,false
GPC_20690,GPC,GA,EAST POINT - UNION CITY (WHITE) 230KV REBUILD,EAST POINT,UNION CITY,230,rebuild,,,2028-06-01,2031-05-01,gpc_irp_vol3.txt,Teams # 20690,33.6763499,-84.4629659,33.5531702,-84.5090666,33.61476005,-84.48601625,relation/14128477,way/159758306,1.0,high,false
GPC_19632,GPC,GA,AVERY - HOPEWELL 115KV RECONDUCTOR,AVERY,HOPEWELL,115,reconductor,,,2028-01-01,2031-06-01,gpc_irp_vol3.txt,Teams # 19632,34.2169889,-84.3857643,34.1741923,-84.2834055,34.1955906,-84.33458490000001,way/700215120,way/177931281,1.0,high,false
GPC_10811,GPC,GA,BOWEN #10 500/230KV AUTOBANK REPLACEMENT,BOWEN,,500,substation,,,2025-06-01,2031-06-01,gpc_irp_vol3.txt,Teams # 10811,34.1215849,-84.9223274,,,34.1215849,-84.9223274,way/159758323,,1.0,high,false
GPC_20756,GPC,GA,HATCH - WADLEY 500 KV LINE STRATEGIC PROJECT,HATCH,WADLEY,500,other,,,2024-07-03,2031-06-01,gpc_irp_vol3.txt,Teams # 20756,31.9316826,-82.3529674,32.8085612,-82.3974655,32.3701219,-82.37521645,way/1003201241,way/170822073,1.0,high,false
GPC_21099,GPC,GA,MEAG: PIO NONO 230/115KV AREA SOLUTION,PIO NONO,,230,other,,,2025-01-01,2031-06-01,gpc_irp_vol3.txt,Teams # 21099,,,,,,,,,0.0,unmatched,false
GPC_21114,GPC,GA,MEAG: SOUTH GRIFFIN 230/115KV BANK #5,SOUTH GRIFFIN,,230,substation,,,2030-06-01,2032-06-01,gpc_irp_vol3.txt,Teams # 21114,33.2488421,-84.2404489,,,33.2488421,-84.2404489,way/135911712,,1.0,high,false
GPC_20784,GPC,GA,SAV: COLEMAN - MELDRIM 115KV LINE REBUILD,COLEMAN,MELDRIM,115,rebuild,,,2029-06-01,2032-06-01,gpc_irp_vol3.txt,Teams # 20784,32.1077199,-81.226912,32.1552821,-81.368377,32.131501,-81.29764449999999,way/608270486,way/121624363,1.0,high,false
GPC_20767,GPC,GA,ARKWRIGHT BUS AND JUMPER REPLACEMENT,ARKWRIGHT,,,substation,,,2029-06-01,2033-06-01,gpc_irp_vol3.txt,Teams # 20767,32.9272219,-83.698878,,,32.9272219,-83.698878,way/164024559,,0.971,high,false
GPC_20758,GPC,GA,BAY CREEK - CONYERS 230KV LIMITING ELEMENT REPLACEMENT,BAY CREEK,CONYERS,230,other,,,2031-06-01,2033-06-01,gpc_irp_vol3.txt,Teams # 20758,33.8681196,-83.8823506,,,33.8681196,-83.8823506,way/175826909,,0.5,medium,false
GPC_20793,GPC,GA,EVANS PRIMARY - THURMOND DAM (USA) #5 115KV REBUILD,EVANS PRIMARY,THURMOND DAM,115,rebuild,,,2029-06-01,2033-06-01,gpc_irp_vol3.txt,Teams # 20793,33.5439942,-82.1686481,33.6601273,-82.1959307,33.60206075,-82.1822894,way/52103255,way/52102019,0.95,high,false
GPC_20794,GPC,GA,EVANS PRIMARY - THURMOND DAM (USA) #6 115KV REBUILD,EVANS PRIMARY,THURMOND DAM,115,rebuild,,,2030-06-01,2033-06-01,gpc_irp_vol3.txt,Teams # 20794,33.5439942,-82.1686481,33.6601273,-82.1959307,33.60206075,-82.1822894,way/52103255,way/52102019,0.95,high,false
GPC_12217,GPC,GA,GTC: CENTER PRIMARY - CLARKSBORO 230 KV REBUILD,CENTER PRIMARY,CLARKSBORO,230,rebuild,,,2028-06-01,2033-06-01,gpc_irp_vol3.txt,Teams # 12217,34.0534411,-83.3980855,33.2782112,-81.9817556,33.66582615,-82.68992055,way/171540518,way/160308094,0.231,low,false
GPC_20773,GPC,GA,GTC: CLARKSBORO - WINDER PRIMARY 230KV REBUILD,CLARKSBORO,WINDER PRIMARY,230,rebuild,,,2029-06-01,2033-06-01,gpc_irp_vol3.txt,Teams # 20773,33.2782112,-81.9817556,33.9954594,-83.7531307,33.6368353,-82.86744315,way/160308094,way/171583070,0.231,low,false
GPC_12147,GPC,GA,GTC: EAST SOCIAL CIRCLE - SNELLVILLE 230KV EQUIPMENT UPGRADE,EAST SOCIAL CIRCLE,SNELLVILLE,230,other,,,2030-06-01,2033-06-01,gpc_irp_vol3.txt,Teams # 12147,33.6814192,-83.7036557,33.8388687,-84.0481209,33.76014395,-83.8758883,way/1054387440,way/176906115,0.925,high,false
GPC_21075,GPC,GA,GTC: EAST WALTON - MIDDLE FORK 500KV,EAST WALTON,MIDDLE FORK,500,other,,,2024-12-01,2033-06-01,gpc_irp_vol3.txt,Teams # 21075,33.3872987,-82.6363941,,,33.3872987,-82.6363941,way/1046106639,,0.375,low,false
GPC_20791,GPC,GA,GTC: SHOAL CREEK - SOUTH HALL 230KV REBUILD,SHOAL CREEK,SOUTH HALL,230,rebuild,,,2029-06-01,2033-06-01,gpc_irp_vol3.txt,Teams # 20791,34.16327,-84.11349,34.2186104,-83.802581,34.1909402,-83.9580355,way/171642663,way/159608145,0.95,high,false
GPC_21053,GPC,GA,MCEVER ROAD - SHOAL CREEK 115KV REBUILD,MCEVER ROAD,SHOAL CREEK,115,rebuild,,,2030-06-01,2033-06-01,gpc_irp_vol3.txt,Teams # 21053,34.2728832,-83.8738012,34.16327,-84.11349,34.2180766,-83.99364560000001,way/1037359821,way/171642663,0.95,high,false
GPC_09661,GPC,GA,MCGRAU FORD - MIDDLE FORK 500KV LINE PROJECT,MCGRAU FORD,MIDDLE FORK,500,other,,,2026-06-01,2033-06-01,gpc_irp_vol3.txt,Teams # 09661,34.3264526,-84.3370065,,,34.3264526,-84.3370065,way/159758301,,0.425,low,false
GPC_20796,GPC,GA,SAV: MELDRIM BANK D REPLACEMENT,MELDRIM,,,substation,,,2030-06-01,2033-06-01,gpc_irp_vol3.txt,Teams # 20796,32.1552821,-81.368377,,,32.1552821,-81.368377,way/121624363,,1.0,high,false
GPC_14222,GPC,GA,THOMSON PRIMARY 230/115KV SECOND TRANSFORMER,THOMSON PRIMARY,,230,substation,,,2025-08-01,2033-06-01,gpc_irp_vol3.txt,Teams # 14222,33.453955,-82.414219,,,33.453955,-82.414219,way/160065782,,1.0,high,false
GPC_20759,GPC,GA,WINDER PRIMARY 230KV BUS 1-2 PARALLEL BUS-TIE INSTALLATION,WINDER PRIMARY,,230,substation,,,2031-06-01,2033-06-01,gpc_irp_vol3.txt,Teams # 20759,33.9954594,-83.7531307,,,33.9954594,-83.7531307,way/171583070,,1.0,high,false
GPC_10487,GPC,GA,PINE GROVE PRIMARY - WEST VALDOSTA 115 KV RECONDUCTOR,PINE GROVE PRIMARY,WEST VALDOSTA,115,reconductor,,,2029-12-31,2033-12-31,gpc_irp_vol3.txt,Teams # 10487,30.8816485,-83.2279869,30.8240849,-83.2876241,30.8528667,-83.2578055,way/174399121,way/424876668,1.0,high,false
GPC_18700,GPC,GA,DAWSON CROSSING - GAINESVILLE #1 115 KV,DAWSON CROSSING,GAINESVILLE,115,other,,,2032-06-01,2034-06-01,gpc_irp_vol3.txt,Teams # 18700,34.3781185,-84.1335754,34.304997,-83.8631294,34.34155775,-83.9983524,way/177912657,way/1037359837,1.0,high,false
GPC_20787,GPC,GA,SAV: LITTLE OGEECHEE 230/115KV BANK REPLACEMENT,LITTLE OGEECHEE,,230,substation,,,2030-06-01,2034-06-01,gpc_irp_vol3.txt,Teams # 20787,32.0067859,-81.2531513,,,32.0067859,-81.2531513,way/121701191,,1.0,high,false
GPC_17993,GPC,GA,EVANS PRIMARY - THOMSON PRIMARY 115KV REBUILD,EVANS PRIMARY,THOMSON PRIMARY,115,rebuild,,,2031-01-01,2034-12-31,gpc_irp_vol3.txt,Teams # 17993,33.5439942,-82.1686481,33.453955,-82.414219,33.4989746,-82.29143355,way/52103255,way/160065782,1.0,high,false
