project_id,utility,state,project_name,endpoint_a,endpoint_b,voltage_kv,project_type,length_mi,est_cost_usd,start_date,in_service_date,source_file,source_ref
DESC_6807B,DESC,SC,Queensboro - Ft Johnson 115 kV & Queensboro-Bayfront 115kV (Queensboro-James Island Sect),Queensboro,Ft Johnson,115,other,,5404301,,2023-12-31,desc_pages/1.txt,Project 1 of 44
DESC_0167C-D,DESC,SC,Union Pier 115-13.8 kV Sub: Tap,Union Pier,,115,substation,,5300000,,2027-12-31,desc_pages/2.txt,Project 2 of 44
"DESC_0139M,N",DESC,SC,"Okatie 230-115kV Substation, Jasper – Yemassee 230kV #1 Fold-in",Okatie,,230,substation,,11116933,,2024-12-31,desc_pages/3.txt,Project 3 of 44
DESC_6341A-F,DESC,SC,Cainhoy - Hamlin 115kV: Rebuild Line and Cainhoy – Hamlin 115 kV #2: Construct New 115 kV Line,Cainhoy,Hamlin,115,new_line,,19890850,,2025-12-01,desc_pages/4.txt,Project 4 of 44
DESC_6808J,DESC,SC,Eastover - Square D 115kV: Rebuild,Eastover,Square D,115,rebuild,,11700000,,2024-06-01,desc_pages/5.txt,Project 5 of 44
DESC_6808K,DESC,SC,Burton-St Helena 115kV: Rebuild Burton-Frogmore Transmission Section,Burton,St Helena,115,rebuild,,8580000,,2024-12-31,desc_pages/6.txt,Project 6 of 44
DESC_6808L,DESC,SC,Burton-St Helena 115kV: Frogmore Distribution - St Helena,Burton,St Helena,115,other,,6925000,,2025-12-31,desc_pages/7.txt,Project 7 of 44
"DESC_6808N,O",DESC,SC,VCS1-Denny Terrace 230kV & VCS1-Pineland 230kV: Rebuild Single Circuit Sections,VCS1,Denny Terrace,230,rebuild,,4912096,,2026-12-31,desc_pages/8.txt,Project 8 of 44
DESC_6808R,DESC,SC,Wateree-Killian 230kV: Rebuild,Wateree,Killian,230,rebuild,,48224719,,2028-12-31,desc_pages/9.txt,Project 9 of 44
DESC_6808S,DESC,SC,Okatie-Bluffton 115kV: Rebuild,Okatie,Bluffton,115,rebuild,,40660000,,2025-06-01,desc_pages/10.txt,Project 10 of 44
DESC_6808U,DESC,SC,Hopkins-CIP 230kV: Rebuild,Hopkins,CIP,230,rebuild,,2600000,,2025-12-31,desc_pages/11.txt,Project 11 of 44
DESC_6808V,DESC,SC,Faber Place-Bayfront 115kV: Rebuild North Bridge Terrace to Bayfront Section,Faber Place,Bayfront,115,rebuild,,10200000,,2028-12-31,desc_pages/12.txt,Project 12 of 44
DESC_6808W,DESC,SC,Square D - Hopkins 115kV: Rebuild,Square D,Hopkins,115,rebuild,,4300000,,2024-09-30,desc_pages/13.txt,Project 13 of 44
DESC_6809E,DESC,SC,Stevens Creek - Hooks 115kV/LR Plumb Branch 46kV Rebuilds,Stevens Creek,Hooks,115,other,9.5,11745543,,2024-12-31,desc_pages/14.txt,Project 14 of 44
DESC_6809G,DESC,SC,Stevens Creek - Hooks 115kV/LR Plumb Branch 46kV,Stevens Creek,Hooks,115,other,6.5,7800000,,2025-12-31,desc_pages/15.txt,Project 15 of 44
DESC_6805G,DESC,SC,"Edenwood Sub: #1 & #2 230-115kV Autobanks, Replace with 336MVA",Edenwood Sub,,230,new_line,,10833462,,2024-12-25,desc_pages/16.txt,Project 16 of 44
"DESC_1060A,I,L",DESC,SC,"Williams St Sub: Replace Sw House & Relays, AM Williams Sub: Replace Sw House, and McMeekin Sub: Add Sw House",Williams St Sub,,,relay,,9898924,,2028-12-31,desc_pages/17.txt,Project 17 of 44
DESC_06005B,DESC,SC,Harleyville 115KV Transmission Tap – Construct (1.4 miles),Harleyville,,115,new_line,1.4,2750000,,2027-03-31,desc_pages/18.txt,Project 18 of 44
DESC_05004P,DESC,SC,Summerville: Replace and Spare 230-115kV 336MVA Auto Bank,Summerville,,230,substation,,3982052,,2024-12-31,desc_pages/19.txt,Project 19 of 44
DESC_06076A,DESC,SC,Canadys-Ritter 115KV-Rebld SPDC 230/115KV 1272 (Approx 18 Miles),Canadys,Ritter,230,rebuild,18.0,40000000,,2026-06-01,desc_pages/20.txt,Project 20 of 44
DESC_6359,DESC,SC,Yemassee– Ritter 230kV #1 & #2: Construct SPDC with B-1272,Yemassee,Ritter,230,new_line,,40611419,,2026-06-01,desc_pages/21.txt,Project 21 of 44
"DESC_06367A-C,H",DESC,SC,Riverport Tap: Construct Tap,Riverport Tap,,230,new_line,,34877427,,2025-12-31,desc_pages/22.txt,Project 22 of 44
DESC_06367D-G,DESC,SC,Jasper – Okatie 230 kV #2: Construct,Jasper,Okatie,230,new_line,6.5,23787423,,2025-12-31,desc_pages/23.txt,Project 23 of 44
DESC_06371D,DESC,SC,Wagener 115kV Tap: Construct Tap,Wagener,,115,new_line,,6005000,,2025-12-31,desc_pages/24.txt,Project 24 of 44
DESC_06372A,DESC,SC,Church Creek - Ritter 230kV - Replace 38 Large Angles and Dead Ends,Church Creek,Ritter,230,other,6.5,10850000,,2024-06-01,desc_pages/25.txt,Project 25 of 44
DESC_06810F,DESC,SC,VCS2-Ward 230kV: Rebuild Line,VCS2,Ward,230,rebuild,40.0,30000000,,2029-12-31,desc_pages/26.txt,Project 26 of 44
DESC_06810G,DESC,SC,Goose Creek Reservoir: Rebuild Transmission Line Crossings,Goose Creek Reservoir,,230,rebuild,,9655669,,2024-12-31,desc_pages/27.txt,Project 27 of 44
DESC_06810H,DESC,SC,Summerville 115kV Loop: Rebuild,Summerville,,115,rebuild,,12475000,,2024-12-31,desc_pages/28.txt,Project 28 of 44
DESC_6809M,DESC,SC,St George - Sumter 230kV Tie: Rebuild Line from Santee Substation - Duke/Progress Energy Tie,St George,Sumter,230,rebuild,,4000000,,2025-12-31,desc_pages/29.txt,Project 29 of 44
DESC_5392A-C,DESC,SC,Coit – Gills Creek 115kV: Construct,Coit,Gills Creek,115,new_line,1.25,2509602,,2024-12-31,desc_pages/30.txt,Project 30 of 44
DESC_6810A,DESC,SC,Hooks - Thurmond 115kV Tie: Rebuild,Hooks,Thurmond,115,rebuild,2.3,2200080,,2024-12-31,desc_pages/31.txt,Project 31 of 44
DESC_6809N,DESC,SC,Batesburg - Saluda County 115kV: Rebuild,Batesburg,Saluda County,115,rebuild,13.5,8750000,,2025-12-31,desc_pages/32.txt,Project 32 of 44
DESC_6853B-F,DESC,SC,Scout 230 kV Sub and Fold-in: Construct,Scout,,230,new_line,,23685000,,2026-03-31,desc_pages/33.txt,Project 33 of 44
DESC_6859,DESC,SC,Dawson 230kV Sub and Fold-in: Construct and Rebuild,Dawson,,230,new_line,,93538207,,2025-10-01,desc_pages/34.txt,Project 34 of 44
DESC_6852,DESC,SC,Urquhart – Toolebeck 115kV line: Rebuild,Urquhart,Toolebeck,115,rebuild,12.5,17520000,,2026-08-12,desc_pages/35.txt,Project 35 of 44
DESC_6388A,DESC,SC,Williams-Summerville 230kV: Upgrade to SPDC B1272 ACSR,Williams,Summerville,230,other,10.0,19300000,,2027-05-01,desc_pages/36.txt,Project 36 of 44
"DESC_0147C,K",DESC,SC,Cainhoy 115 kV Tap: Construct,Cainhoy,,115,new_line,2.8,21850000,,2027-12-31,desc_pages/37.txt,Project 37 of 44
"DESC_0147B,J",DESC,SC,Jack Primus 115 kV Tap: Construct,Jack Primus,,115,new_line,2.2,18000000,,2027-12-31,desc_pages/38.txt,Project 38 of 44
"DESC_6847A-B,D-H",DESC,SC,Church Creek – Faber Place – Charleston Transmission: Add 230kV Line,Church Creek,Faber Place,230,other,,34174682,,2027-05-01,desc_pages/39.txt,Project 39 of 44
DESC_6846A,DESC,SC,Eastover – Sumter 115kV DEP Tie: Rebuild with 1272 ACSR,Eastover,Sumter,115,rebuild,1.0,1100000,,2026-05-31,desc_pages/40.txt,Project 40 of 44
DESC_6810U,DESC,SC,Cameron Jct – Elloree 46 kV Rebuild,Cameron Jct,Elloree,46,rebuild,7.3,4500000,,2026-12-31,desc_pages/41.txt,Project 41 of 44
DESC_6810J,DESC,SC,Elloree – Santee City 46 kV: Rebuild,Elloree,Santee City,46,rebuild,7.0,4500000,,2027-12-31,desc_pages/42.txt,Project 42 of 44
DESC_6810O,DESC,SC,Urquhart – Aiken PSA 46 kV: Rebuild,Urquhart,Aiken PSA,46,rebuild,4.5,3000000,,2027-12-31,desc_pages/43.txt,Project 43 of 44
DESC_6810T,DESC,SC,Cameron Jct – Cameron – St Matthews 46 kV Rebuild,Cameron Jct,Cameron,46,rebuild,9.8,5900000,,2028-12-31,desc_pages/44.txt,Project 44 of 44
GPC_21046,GPC,GA,THALMANN AND COLERAIN 23O KV LINE RELAY PANEL UPGRADES,THALMANN,,230,relay,,,2024-12-01,2025-06-01,gpc_irp_vol3.txt,Teams # 21046
GPC_20326,GPC,GA,ANTHONY SHOALS STATCOM SYSTEM,ANTHONY SHOALS,,,substation,,,2023-08-04,2025-12-31,gpc_irp_vol3.txt,Teams # 20326
GPC_17075,GPC,GA,SAV: LITTLE OGEECHEE 230-115KV: RELAY MODERNIZATION,LITTLE OGEECHEE,,230,relay,,,2022-06-01,2025-12-31,gpc_irp_vol3.txt,Teams # 17075
GPC_20491,GPC,GA,EAST POINT RELAY MODERNIZATION,EAST POINT,,,relay,,,2024-01-01,2026-06-01,gpc_irp_vol3.txt,Teams # 20491
GPC_20474,GPC,GA,GRADY 230/115KV RELAY MODERNIZATION,GRADY,,230,relay,,,2024-01-01,2026-06-01,gpc_irp_vol3.txt,Teams # 20474
GPC_20490,GPC,GA,KLONDIKE RELAY MODERNIZATION,KLONDIKE,,,relay,,,2024-01-01,2026-06-01,gpc_irp_vol3.txt,Teams # 20490
GPC_20300,GPC,GA,MORROW 115KV RELAY UPGRADE,MORROW,,115,relay,,,2024-06-01,2026-06-01,gpc_irp_vol3.txt,Teams # 20300
GPC_20489,GPC,GA,SCOTTDALE RELAY MODERNIZATION,SCOTTDALE,,,relay,,,2024-01-01,2026-06-01,gpc_irp_vol3.txt,Teams # 20489
GPC_20668,GPC,GA,DRESDEN LINE PROTECTIVE RELAYING,DRESDEN,,,relay,,,2024-12-01,2026-12-01,gpc_irp_vol3.txt,Teams # 20668
GPC_18832,GPC,GA,MEAG: FORTSON SUBSTATION MODERNIZATION,FORTSON,,,relay,,,2025-01-01,2027-01-13,gpc_irp_vol3.txt,Teams # 18832
GPC_21022,GPC,GA,OHARA BREAKER REPLACEMENT,OHARA,,,substation,,,2025-10-01,2026-10-01,gpc_irp_vol3.txt,Teams # 21022
GPC_20277,GPC,GA,SAV: MCINTOSH - PURRYSBURG 230KV REACTORS,MCINTOSH,PURRYSBURG,230,substation,,,2024-01-01,2026-06-01,gpc_irp_vol3.txt,Teams # 20277
GPC_21111,GPC,GA,GTC: HARTWELL DAM - HARTWELL ENERGY 230KV SERIES REACTORS,HARTWELL DAM,HARTWELL ENERGY,230,substation,,,2027-06-01,2030-06-01,gpc_irp_vol3.txt,Teams # 21111
GPC_21113,GPC,GA,GTC: HARTWELL ENERGY - MIDDLE FORK 230KV LINE,HARTWELL ENERGY,MIDDLE FORK,230,other,,,2027-06-01,2030-06-01,gpc_irp_vol3.txt,Teams # 21113
GPC_19523,GPC,GA,SAV: CC - HYUNDAI MOTORS SAVANNAH AKA. PROJECT EA,HYUNDAI MOTORS SAVANNAH AKA.,,,other,,,2022-06-01,2025-04-25,gpc_irp_vol3.txt,Teams # 19523
GPC_18670,GPC,GA,GTC: BANKS CROSSING - POND FORK 115 KV,BANKS CROSSING,POND FORK,115,substation,,,2021-06-01,2025-05-01,gpc_irp_vol3.txt,Teams # 18670
GPC_18492,GPC,GA,MITCHELL - NORTH TIFTON 230KV RECONDUCTOR,MITCHELL,NORTH TIFTON,230,reconductor,,,2021-12-31,2025-05-01,gpc_irp_vol3.txt,Teams # 18492
GPC_19676,GPC,GA,ADAMSVILLE - JACK MCDONOUGH 230KV LINE REBUILD,ADAMSVILLE,JACK MCDONOUGH,230,rebuild,,,2023-06-01,2025-06-01,gpc_irp_vol3.txt,Teams # 19676
GPC_18800,GPC,GA,ECHECONNEE-WELLSTON 115KV REBUILD,ECHECONNEE,WELLSTON,115,rebuild,,,2024-01-01,2025-06-01,gpc_irp_vol3.txt,Teams # 18800
GPC_19187,GPC,GA,GRID - BREMEN - CROOKED CREEK (APC) 115 KV PROJECT,BREMEN,CROOKED CREEK,115,other,,,2021-09-01,2025-06-01,gpc_irp_vol3.txt,Teams # 19187
GPC_18153,GPC,GA,GTC: BONAIRE PRI-ECHECONNEE 115 KV PARTIAL REBUILD,BONAIRE PRI,ECHECONNEE,115,rebuild,,,2023-01-01,2025-06-01,gpc_irp_vol3.txt,Teams # 18153
GPC_20342,GPC,GA,GTC: CAMDEN INDUSTRIAL PARK 230/115KV NEW SUBSTATION,CAMDEN INDUSTRIAL PARK,,230,new_line,,,2024-01-01,2025-06-01,gpc_irp_vol3.txt,Teams # 20342
GPC_20590,GPC,GA,GTC: EATONTON PRIMARY - LICK CREEK 115KV LINE SWITCH REPLACEMENT,EATONTON PRIMARY,LICK CREEK,115,other,,,2023-12-01,2025-06-01,gpc_irp_vol3.txt,Teams # 20590
GPC_11821,GPC,GA,JESUP - LUDOWICI PRIMARY 115KV REBUILD,JESUP,LUDOWICI PRIMARY,115,rebuild,,,2023-06-01,2025-06-01,gpc_irp_vol3.txt,Teams # 11821
GPC_13753,GPC,GA,MEAG: ALCOVY ROAD - SKC 115 KV RECONDUCTOR,ALCOVY ROAD,SKC,115,reconductor,,,2023-06-01,2025-06-01,gpc_irp_vol3.txt,Teams # 13753
GPC_13787,GPC,GA,MEAG: AULTMAN ROAD - BONAIRE PRIMARY 115 KV REBUILD,AULTMAN ROAD,BONAIRE PRIMARY,115,rebuild,,,2023-06-01,2025-06-01,gpc_irp_vol3.txt,Teams # 13787
GPC_20464,GPC,GA,NORCROSS 230KV BUS 1-3 SERIES BUS TIE BREAKER INSTALLATION,NORCROSS,,230,substation,,,2023-11-01,2025-06-01,gpc_irp_vol3.txt,Teams # 20464
GPC_19631,GPC,GA,PINE GROVE PRIMARY 115 KV DUAL STAGE CAPACITOR BANK,PINE GROVE PRIMARY,,115,substation,,,2023-11-01,2025-06-01,gpc_irp_vol3.txt,Teams # 19631
GPC_20067,GPC,GA,SAV: DEPTFORD - MAGNOLIA 115KV RECONDUCTOR,DEPTFORD,MAGNOLIA,115,reconductor,,,2023-01-01,2025-06-01,gpc_irp_vol3.txt,Teams # 20067
GPC_20466,GPC,GA,SMART VALVE INSTALLATION,SMART VALVE,,,substation,,,2023-10-01,2025-06-01,gpc_irp_vol3.txt,Teams # 20466
GPC_20431,GPC,GA,VILLA RICA LOW SIDE BREAKER,VILLA RICA LOW SIDE,,,substation,,,2024-06-01,2025-06-01,gpc_irp_vol3.txt,Teams # 20431
GPC_20684,GPC,GA,CAMDEN INDUSTRIAL PARK (GPC),CAMDEN INDUSTRIAL PARK,,,other,,,2024-01-01,2025-06-30,gpc_irp_vol3.txt,Teams # 20684
GPC_18774,GPC,GA,GTC: HEARD COUNTY - TENASKA 500KV (SECOND LINE),HEARD COUNTY,TENASKA,500,other,,,2021-12-01,2025-12-01,gpc_irp_vol3.txt,Teams # 18774
GPC_18889,GPC,GA,JEFFERSON STREET#3 - NORTHWEST (WHITE) 115 KV RECONDUCTOR,JEFFERSON STREET,NORTHWEST,115,reconductor,,,2024-01-01,2025-12-01,gpc_irp_vol3.txt,Teams # 18889
GPC_20152,GPC,GA,CC - CASS PINE- HILL VIEW 230 KV LINE- CC IMPROVEMENTS,CASS PINE,HILL VIEW,230,other,,,2023-06-01,2025-12-31,gpc_irp_vol3.txt,Teams # 20152
GPC_20175,GPC,GA,CC - PROJECT CHRONOS- SK/HYUNDAI,PROJECT CHRONOS,SK/HYUNDAI,,other,,,2023-07-31,2025-12-31,gpc_irp_vol3.txt,Teams # 20175
GPC_20010,GPC,GA,GTC: ANTHONY SHOALS - WASHINGTON 115 KV LINE REBUILD,ANTHONY SHOALS,WASHINGTON,115,rebuild,,,2024-01-01,2025-12-31,gpc_irp_vol3.txt,Teams # 20010
GPC_18691,GPC,GA,GTC: LIZARD LOPE - WESTOVER 115 KV NEW LINE,LIZARD LOPE,WESTOVER,115,new_line,,,2021-06-01,2026-03-01,gpc_irp_vol3.txt,Teams # 18691
GPC_20018,GPC,GA,CC - QTS FAYETTEVILLE TRANSMISSION NEEDS,QTS FAYETTEVILLE,,,other,,,2023-06-01,2026-04-01,gpc_irp_vol3.txt,Teams # 20018
GPC_19597,GPC,GA,ADAMSVILLE - BUZZARD ROOST 230KV REBUILD AND JUMPER UPGRADE,ADAMSVILLE,BUZZARD ROOST,230,rebuild,,,2024-06-01,2026-06-01,gpc_irp_vol3.txt,Teams # 19597
GPC_18960,GPC,GA,BLANKETS CREEK – WOODSTOCK 115KV LINE REBUILD,BLANKETS CREEK,WOODSTOCK,115,rebuild,,,2025-06-01,2026-06-01,gpc_irp_vol3.txt,Teams # 18960
GPC_20243,GPC,GA,CC - GARRETT ROAD SWITCHING STATION - TRAE LANE,GARRETT ROAD,TRAE LANE,,substation,,,2023-04-30,2026-06-01,gpc_irp_vol3.txt,Teams # 20243
GPC_20216,GPC,GA,CC - STONEWALL TELL ROAD (TA REALTY),STONEWALL TELL ROAD,,,other,,,2025-01-01,2026-06-01,gpc_irp_vol3.txt,Teams # 20216
GPC_18679,GPC,GA,DU: EAST DALTON - OOSTANAULA 115KV REBUILD,EAST DALTON,OOSTANAULA,115,rebuild,,,2023-06-01,2026-06-01,gpc_irp_vol3.txt,Teams # 18679
GPC_16007,GPC,GA,FENWICK STREET - SAND BAR FERRY 115KV (RECONDUCTOR/REBUILD),FENWICK STREET,SAND BAR FERRY,115,rebuild,,,2022-09-01,2026-06-01,gpc_irp_vol3.txt,Teams # 16007
GPC_20516,GPC,GA,"GOAT ROCK 230KV SWITCH, JUMPER, & LINE TRAP REPLACEMENT",GOAT ROCK,,230,other,,,2024-01-01,2026-06-01,gpc_irp_vol3.txt,Teams # 20516
GPC_19618,GPC,GA,GORDON-N DUBLIN 115KV (GORDON-ENGL MCI J) REBUILD,GORDON,N DUBLIN,115,rebuild,,,2023-10-01,2026-06-01,gpc_irp_vol3.txt,Teams # 19618
GPC_21139,GPC,GA,GRADY - MORROW (WHITE) 115KV REBUILD,GRADY,MORROW,115,rebuild,,,2024-06-01,2026-06-01,gpc_irp_vol3.txt,Teams # 21139
GPC_19706,GPC,GA,GRID - GAINESVILLE #2 EQUIPMENT REPLACEMENT,GAINESVILLE EQUIPMENT,,,new_line,,,2024-12-31,2026-06-01,gpc_irp_vol3.txt,Teams # 19706
GPC_21137,GPC,GA,GTC: CONYERS - CORNISH MOUNTAIN  115KV LINE UPGRADE,CONYERS,CORNISH MOUNTAIN,115,other,,,2025-06-01,2026-06-01,gpc_irp_vol3.txt,Teams # 21137
GPC_19334,GPC,GA,GTC: LAGRANGE - NORTH OPELIKA 230 KV,LAGRANGE,NORTH OPELIKA,230,other,,,2023-06-01,2026-06-01,gpc_irp_vol3.txt,Teams # 19334
GPC_20015,GPC,GA,GTC: MORNING HORNET 2ND 230/115 KV BANK & THUMBS UP 115KV TL,MORNING HORNET,,230,substation,,,2024-06-01,2026-06-01,gpc_irp_vol3.txt,Teams # 20015
GPC_19999,GPC,GA,GTC: ROBINS SPRING BUS REPLACEMENT,ROBINS SPRING,,,substation,,,2023-06-01,2026-06-01,gpc_irp_vol3.txt,Teams # 19999
GPC_20001,GPC,GA,GTC: ROBINS SPRING CAPACITOR BANK INSTALLATION,ROBINS SPRING CAPACITOR,,,substation,,,2023-01-01,2026-06-01,gpc_irp_vol3.txt,Teams # 20001
GPC_19636,GPC,GA,HAMMOND - WEISS DAM 115KV LINE REBUILD,HAMMOND,WEISS DAM,115,rebuild,,,2023-06-01,2026-06-01,gpc_irp_vol3.txt,Teams # 19636
GPC_20512,GPC,GA,KATHLEEN AREA IMPROVEMENTS,KATHLEEN,,,other,,,2024-01-01,2026-06-01,gpc_irp_vol3.txt,Teams # 20512
GPC_19598,GPC,GA,MEAG: DRESDEN - LAGRANGE PRIMARY 230KV UPGRADE & JUMPERS,DRESDEN,LAGRANGE PRIMARY,230,other,,,2024-06-01,2026-06-01,gpc_irp_vol3.txt,Teams # 19598
GPC_20270,GPC,GA,MEAG: RAY PLACE RD - WASHINGTON #3,RAY PLACE RD,WASHINGTON,,other,,,2024-01-01,2026-06-01,gpc_irp_vol3.txt,Teams # 20270
GPC_20271,GPC,GA,MEAG: RAY PLACE RD - WASHINGTON (WASHINGTON - WASHINGTON 3),RAY PLACE RD,WASHINGTON,,other,,,2025-06-01,2026-06-01,gpc_irp_vol3.txt,Teams # 20271
GPC_18690,GPC,GA,PALMYRA REACTOR REMOVAL,PALMYRA,,,substation,,,2023-05-01,2026-06-01,gpc_irp_vol3.txt,Teams # 18690
GPC_20066,GPC,GA,SAV: BOULEVARD - DEPTFORD 115KV RECONDUCTOR,BOULEVARD,DEPTFORD,115,reconductor,,,2025-06-01,2026-06-01,gpc_irp_vol3.txt,Teams # 20066
GPC_19966,GPC,GA,SAV: CC - BIG OGEECHEE 500/230KV (CC NETWORK IMPROVEMENTS),BIG OGEECHEE,,500,other,,,2023-06-01,2026-06-01,gpc_irp_vol3.txt,Teams # 19966
GPC_17900,GPC,GA,UNION CITY - YATES 230 KV WHITE LINE REBUILD,UNION CITY,YATES,230,rebuild,,,2023-06-01,2026-06-01,gpc_irp_vol3.txt,Teams # 17900
GPC_20691,GPC,GA,UNION CITY - YATES 230KV (WHITE) SWITCH AND TRAP REPLACEMENT,UNION CITY,YATES,230,other,,,2024-05-15,2026-06-01,gpc_irp_vol3.txt,Teams # 20691
GPC_20223,GPC,GA,CC - PROJECT PAYTON BAINBRIDGE,PROJECT PAYTON BAINBRIDGE,,,other,,,2024-06-01,2026-06-30,gpc_irp_vol3.txt,Teams # 20223
GPC_20874,GPC,GA,GTC: BARNESVILLE PRIMARY-BARNESVILLE #1 115KV RECONDUCTOR,BARNESVILLE PRIMARY,BARNESVILLE,115,reconductor,,,2024-06-01,2026-12-01,gpc_irp_vol3.txt,Teams # 20874
GPC_20273,GPC,GA,GTC: DRESDEN 500KV BUS EXPANSION,DRESDEN,,500,substation,,,2024-12-01,2026-12-01,gpc_irp_vol3.txt,Teams # 20273
GPC_20002,GPC,GA,GTC: GORDON - SANDERSVILLE #1 115KV LINE REBUILD,GORDON,SANDERSVILLE,115,rebuild,,,2023-02-01,2026-12-01,gpc_irp_vol3.txt,Teams # 20002
GPC_20151,GPC,GA,CC - CASS PINE 230/25 NEW SUB - QCELLS - CC IMPROVEMENTS,CASS PINE,QCELLS,,new_line,,,2024-06-01,2026-12-31,gpc_irp_vol3.txt,Teams # 20151
GPC_19287,GPC,GA,GRADY-WEST END 115KV REBUILD,GRADY,WEST END,115,rebuild,,,2022-06-01,2026-12-31,gpc_irp_vol3.txt,Teams # 19287
GPC_19363,GPC,GA,MORROW - MOUNTAIN VIEW 115 KV REBUILD,MORROW,MOUNTAIN VIEW,115,rebuild,,,2024-01-01,2026-12-31,gpc_irp_vol3.txt,Teams # 19363
GPC_20509,GPC,GA,CC - EMBLEM RIVERSIDE CUSTOMER SUB (FLEXENTIAL),EMBLEM RIVERSIDE CUSTOMER SUB,,,substation,,,2025-06-01,2027-03-01,gpc_irp_vol3.txt,Teams # 20509
GPC_19635,GPC,GA,GTC: HICKORY LEVEL - VILLA RICA 230KV LINE RECONDUCTOR,HICKORY LEVEL,VILLA RICA,230,reconductor,,,2024-05-01,2027-05-01,gpc_irp_vol3.txt,Teams # 19635
GPC_19601,GPC,GA,MORROW - YATES COMMON 115KV LINE UPGRADE,MORROW,YATES COMMON,115,other,,,2024-05-01,2027-05-01,gpc_irp_vol3.txt,Teams # 19601
GPC_15879,GPC,GA,POSSUM BRANCH - YATES COMMON 115KV REBUILD (YATES TO CLEM),POSSUM BRANCH,YATES COMMON,115,rebuild,,,2025-06-01,2027-05-01,gpc_irp_vol3.txt,Teams # 15879
GPC_20771,GPC,GA,CC - GULLATT ROAD TRANSMISSION IMPROVEMENTS,GULLATT ROAD,,,other,,,2024-06-01,2027-06-01,gpc_irp_vol3.txt,Teams # 20771
GPC_18736,GPC,GA,CC - MICROSOFT - SHUGART (CCO06),MICROSOFT,SHUGART,,other,,,2022-12-31,2027-06-01,gpc_irp_vol3.txt,Teams # 18736
GPC_20781,GPC,GA,CC - SUMMER LAKE - VILLA RICA 230KV REBUILD (CC IMPROVEMENT),SUMMER LAKE,VILLA RICA,230,rebuild,,,2025-06-01,2027-06-01,gpc_irp_vol3.txt,Teams # 20781
GPC_20736,GPC,GA,CC - TA REALTY ELLENWOOD NETWORK IMPROVEMENTS,TA REALTY ELLENWOOD NETWORK,,,other,,,2024-06-01,2027-06-01,gpc_irp_vol3.txt,Teams # 20736
GPC_20234,GPC,GA,DOYLE - LG&E MONROE 230KV - JACKS CREEK LOOP IN,DOYLE,LG&E MONROE,230,other,,,2027-01-03,2027-06-01,gpc_irp_vol3.txt,Teams # 20234
GPC_20858,GPC,GA,GTC: ADAMSVILLE - BUZZARD ROOST 230KV REBUILD,ADAMSVILLE,BUZZARD ROOST,230,rebuild,,,2025-06-01,2027-06-01,gpc_irp_vol3.txt,Teams # 20858
GPC_20776,GPC,GA,GTC: DOUGLASVILLE - VILLA RICA 230KV REBUILD (CC IMPROVEMENT),DOUGLASVILLE,VILLA RICA,230,rebuild,,,2025-06-01,2027-06-01,gpc_irp_vol3.txt,Teams # 20776
GPC_20778,GPC,GA,GTC: DOYLE - WINDER PRIMARY 230KV LINE JUMPER REPLACEMENT,DOYLE,WINDER PRIMARY,230,other,,,2025-12-31,2027-06-01,gpc_irp_vol3.txt,Teams # 20778
GPC_19358,GPC,GA,GTC: EAST MOULTRIE - HIGHWAY 112 230 KV LINE,EAST MOULTRIE,HIGHWAY,230,other,,,2022-06-01,2027-06-01,gpc_irp_vol3.txt,Teams # 19358
GPC_09662,GPC,GA,GTC: EAST WALTON 500/230KV PROJECT,EAST WALTON,,500,other,,,2023-06-01,2027-06-01,gpc_irp_vol3.txt,Teams # 09662
GPC_20505,GPC,GA,GTC: GARRETT RD - V. RICA 230KV LINE RECONDUCTOR (CC NET IM),GARRETT RD,V. RICA,230,reconductor,,,2027-01-01,2027-06-01,gpc_irp_vol3.txt,Teams # 20505
GPC_19622,GPC,GA,GTC: RIDDLEVILLE BUS REPLACEMENT,RIDDLEVILLE,,,substation,,,2023-01-09,2027-06-01,gpc_irp_vol3.txt,Teams # 19622
GPC_19606,GPC,GA,GTC: SKC 115KV BUS AND JUMPER REPLACEMENT,SKC,,115,substation,,,2025-06-01,2027-06-01,gpc_irp_vol3.txt,Teams # 19606
GPC_20020,GPC,GA,GTC: SOUTH HAZLEHURST - NEW LACY 230KV LINE,SOUTH HAZLEHURST,NEW LACY,230,new_line,,,2024-01-15,2027-06-01,gpc_irp_vol3.txt,Teams # 20020
GPC_20506,GPC,GA,GTC: SWITCH WAY - THORNTON ROAD 230KV LINE REBUILD,SWITCH WAY,THORNTON ROAD,230,rebuild,,,2025-01-01,2027-06-01,gpc_irp_vol3.txt,Teams # 20506
GPC_18668,GPC,GA,JESUP - OFFERMAN 115KV REBUILD,JESUP,OFFERMAN,115,rebuild,,,2021-04-06,2027-06-01,gpc_irp_vol3.txt,Teams # 18668
GPC_10143,GPC,GA,LAWRENCEVILLE - WINDER 115KV LINE REBUILD,LAWRENCEVILLE,WINDER,115,rebuild,,,2026-10-15,2027-06-01,gpc_irp_vol3.txt,Teams # 10143
GPC_10481,GPC,GA,LAWRENCEVILLE - WINDER PRIMARY 230KV LINE REBUILD,LAWRENCEVILLE,WINDER PRIMARY,230,rebuild,,,2024-06-01,2027-06-01,gpc_irp_vol3.txt,Teams # 10481
GPC_20264,GPC,GA,MEAG: RAY PLACE RD - WARRENTON PRIMARY,RAY PLACE RD,WARRENTON PRIMARY,,other,,,2026-01-01,2027-06-01,gpc_irp_vol3.txt,Teams # 20264
GPC_19248,GPC,GA,SANDERSVILLE #1 - WADLEY PRI. 115KV REBUILD/RECONDUCTOR,SANDERSVILLE,WADLEY PRI.,115,rebuild,,,2022-02-15,2027-06-01,gpc_irp_vol3.txt,Teams # 19248
GPC_20785,GPC,GA,SAV: GOSHEN (SAV) - KRAFT 115KV LINE REBUILD,GOSHEN,KRAFT,115,rebuild,,,2024-06-01,2027-06-01,gpc_irp_vol3.txt,Teams # 20785
GPC_20065,GPC,GA,SAV: GOSHEN (SAV) - MCINTOSH 115KV LINE REBUILD,GOSHEN,MCINTOSH,115,rebuild,,,2025-06-01,2027-06-01,gpc_irp_vol3.txt,Teams # 20065
GPC_20717,GPC,GA,CC - TOMOCHICHI 500/230KV SOLUTION (CC NETWORK IMPROVEMENTS),TOMOCHICHI,,500,other,,,2024-06-01,2027-07-15,gpc_irp_vol3.txt,Teams # 20717
GPC_18573,GPC,GA,GRID - ARKWRIGHT - LLOYD SHOALS 115KV,ARKWRIGHT,LLOYD SHOALS,115,other,,,2021-06-01,2027-07-30,gpc_irp_vol3.txt,Teams # 18573
GPC_20591,GPC,GA,GTC: EATONTON PRIMARY (035591) - LICK CREEK 115KV REBUILD,EATONTON PRIMARY,LICK CREEK,115,rebuild,,,2023-10-01,2027-12-01,gpc_irp_vol3.txt,Teams # 20591
GPC_17977,GPC,GA,ATHENA - EAST WATKINSVILLE 115 KV (REBUILD),ATHENA,EAST WATKINSVILLE,115,rebuild,,,2024-08-01,2027-12-31,gpc_irp_vol3.txt,Teams # 17977
GPC_20150,GPC,GA,CC - HILL VIEW & GRASSY HOLLOW SUB - CC IMPROVEMENTS,HILL VIEW,CC,,substation,,,2023-06-01,2027-12-31,gpc_irp_vol3.txt,Teams # 20150
GPC_20024,GPC,GA,DYER ROAD - EAST ROANOKE 115KV (REBUILD),DYER ROAD,EAST ROANOKE,115,rebuild,,,2025-06-01,2027-12-31,gpc_irp_vol3.txt,Teams # 20024
GPC_19997,GPC,GA,AULTMAN ROAD-PERRY 115KV LINE REBUILD,AULTMAN ROAD,PERRY,115,rebuild,,,2025-06-01,2028-06-01,gpc_irp_vol3.txt,Teams # 19997
GPC_20797,GPC,GA,CC - EAST VILLA RICA AREA SWITCHING STATION (CC IMPROVEMENT),EAST VILLA RICA,,,substation,,,2025-06-01,2028-06-01,gpc_irp_vol3.txt,Teams # 20797
GPC_20774,GPC,GA,CC - VILLA RICA UPGRADES (CC NETWORK IMPROVEMENTS),VILLA RICA,,,other,,,2026-06-01,2028-06-01,gpc_irp_vol3.txt,Teams # 20774
GPC_21048,GPC,GA,FITZGERALD - PITTS 115 KV LINE REBUILD,FITZGERALD,PITTS,115,rebuild,,,2025-06-01,2028-06-01,gpc_irp_vol3.txt,Teams # 21048
GPC_08458,GPC,GA,GTC: BARNESVILLE - SOUTH GRIFFIN 230KV PROJECT,BARNESVILLE,SOUTH GRIFFIN,230,other,,,2026-01-01,2028-06-01,gpc_irp_vol3.txt,Teams # 08458
GPC_20503,GPC,GA,GTC: BARNEYVILLE - EAST MOULTRIE 115KV NEW LINE,BARNEYVILLE,EAST MOULTRIE,115,new_line,,,2025-06-01,2028-06-01,gpc_irp_vol3.txt,Teams # 20503
GPC_20873,GPC,GA,GTC: BONAIRE PRIMARY 500/230KV XFMR REPLCMNT & RELAY MOD,BONAIRE PRIMARY,,500,relay,,,2024-03-14,2028-06-01,gpc_irp_vol3.txt,Teams # 20873
GPC_19992,GPC,GA,GTC: BOSTWICK - EAST SOCIAL CIRCLE 230KV RECONDUCTOR,BOSTWICK,EAST SOCIAL CIRCLE,230,reconductor,,,2024-12-31,2028-06-01,gpc_irp_vol3.txt,Teams # 19992
GPC_20777,GPC,GA,JACK MCDONOUGH - NORTHWEST (BLACK) 230KV RECONDUCTOR,JACK MCDONOUGH,NORTHWEST,230,reconductor,,,2025-06-01,2028-06-01,gpc_irp_vol3.txt,Teams # 20777
GPC_19629,GPC,GA,MEAG: BRUMBLEY CREEK - SOUTH BAINBRIDGE 115KV REBUILD,BRUMBLEY CREEK,SOUTH BAINBRIDGE,115,rebuild,,,2024-01-01,2028-06-01,gpc_irp_vol3.txt,Teams # 19629
GPC_19630,GPC,GA,MEAG: THOMASVILLE 230/115KV AUTOBANK REPLACEMENT,THOMASVILLE,,230,substation,,,2027-06-01,2028-06-01,gpc_irp_vol3.txt,Teams # 19630
GPC_20482,GPC,GA,PITTMAN ROAD - WEST POINT DAM (USA) 115KV REBUILD,PITTMAN ROAD,WEST POINT DAM,115,rebuild,,,2025-06-01,2028-06-01,gpc_irp_vol3.txt,Teams # 20482
GPC_20656,GPC,GA,PLANT YATES BREAKER AND HALF STATION,PLANT YATES,,,substation,,,2024-05-01,2028-06-01,gpc_irp_vol3.txt,Teams # 20656
GPC_20783,GPC,GA,SAV: COLEMAN - DEAN FOREST 115KV LINE REBUILD,COLEMAN,DEAN FOREST,115,rebuild,,,2025-06-01,2028-06-01,gpc_irp_vol3.txt,Teams # 20783
GPC_20407,GPC,GA,SAV: MAGNOLIA - TRUMAN PARKWAY 115KV REBUILD,MAGNOLIA,TRUMAN PARKWAY,115,rebuild,,,2025-06-01,2028-06-01,gpc_irp_vol3.txt,Teams # 20407
GPC_21069,GPC,GA,SMART VALVES AT EAST VILLA RICA SWITCHING STATION,SMART VALVES AT EAST VILLA RICA,,,substation,,,2028-06-01,2028-06-01,gpc_irp_vol3.txt,Teams # 21069
GPC_20768,GPC,GA,SOUTH MACON 115KV BUSES 1 & 2 REPLACEMENT,SOUTH MACON,,115,substation,,,2025-01-15,2028-06-01,gpc_irp_vol3.txt,Teams # 20768
GPC_20274,GPC,GA,UNION CITY - YATES 230KV (BLACK) LINE REBUILD,UNION CITY,YATES,230,rebuild,,,2025-06-01,2028-06-01,gpc_irp_vol3.txt,Teams # 20274
GPC_13166,GPC,GA,FIRST AVENUE - NORTH COLUMBUS 115KV LINE REBUILD,FIRST AVENUE,NORTH COLUMBUS,115,rebuild,,,2028-01-01,2028-12-01,gpc_irp_vol3.txt,Teams # 13166
GPC_20586,GPC,GA,GTC: NORTH DUBLIN 230/115KV TRANSFORMERS AND BUS-TIE BREAKER,NORTH DUBLIN,,230,substation,,,2023-11-01,2028-12-01,gpc_irp_vol3.txt,Teams # 20586
GPC_21062,GPC,GA,ASHLEY PARK-WANSLEY 500KV,ASHLEY PARK,WANSLEY,500,other,,,2024-12-01,2029-06-01,gpc_irp_vol3.txt,Teams # 21062
GPC_10222,GPC,GA,BLAKELY PRIMARY - HUCKLEBERRY 115KV REBUILD,BLAKELY PRIMARY,HUCKLEBERRY,115,rebuild,,,2025-06-01,2029-06-01,gpc_irp_vol3.txt,Teams # 10222
GPC_21047,GPC,GA,BROADWAY - ECHECONNEE 115 KV LINE REBUILD,BROADWAY,ECHECONNEE,115,rebuild,,,2025-01-01,2029-06-01,gpc_irp_vol3.txt,Teams # 21047
GPC_16887,GPC,GA,BUTLER - THOMASTON 230KV LINE CONVERSION,BUTLER,THOMASTON,230,other,,,2025-01-01,2029-06-01,gpc_irp_vol3.txt,Teams # 16887
GPC_21036,GPC,GA,BUZZARD ROOST - FACTORY SHOALS 230KV NEW LINE,BUZZARD ROOST,FACTORY SHOALS,230,new_line,,,2026-06-01,2029-06-01,gpc_irp_vol3.txt,Teams # 21036
GPC_21142,GPC,GA,CONYERS - KLONDIKE 230 KV SECOND LINE,CONYERS,KLONDIKE,230,other,,,2026-06-01,2029-06-01,gpc_irp_vol3.txt,Teams # 21142
GPC_21138,GPC,GA,GLENWOOD SPRINGS - PORTERDALE PRIMARY 230KV LINE SWITCH REPL,GLENWOOD SPRINGS,PORTERDALE PRIMARY,230,other,,,2029-06-01,2029-06-01,gpc_irp_vol3.txt,Teams # 21138
GPC_21112,GPC,GA,GTC: BARNESVILLE PRIMARY - THOMASTON 230KV,BARNESVILLE PRIMARY,THOMASTON,230,other,,,2027-06-01,2029-06-01,gpc_irp_vol3.txt,Teams # 21112
GPC_10814,GPC,GA,GTC: BAY CREEK 230/115KV SECOND AUTO TRANSFORMER,BAY CREEK,,230,substation,,,2028-06-01,2029-06-01,gpc_irp_vol3.txt,Teams # 10814
GPC_21140,GPC,GA,GTC: BONAIRE PRIMARY - EASTMAN PRIMARY 115 KV LINE REBUILD,BONAIRE PRIMARY,EASTMAN PRIMARY,115,rebuild,,,2026-01-01,2029-06-01,gpc_irp_vol3.txt,Teams # 21140
GPC_20849,GPC,GA,GTC: CLIFTONDALE - LINE CREEK 230KV LINE,CLIFTONDALE,LINE CREEK,230,other,,,2026-06-01,2029-06-01,gpc_irp_vol3.txt,Teams # 20849
GPC_19950,GPC,GA,GTC: DRESDEN - TALBOT 500KV LINE,DRESDEN,TALBOT,500,other,,,2025-06-01,2029-06-01,gpc_irp_vol3.txt,Teams # 19950
GPC_20760,GPC,GA,GTC: HOPEWELL 230/115 KV BANK A,HOPEWELL,,230,substation,,,2028-06-01,2029-06-01,gpc_irp_vol3.txt,Teams # 20760
GPC_21123,GPC,GA,GTC: TENASKA - WANSLEY 500KV NEW LINE,TENASKA,WANSLEY,500,new_line,,,2024-12-01,2029-06-01,gpc_irp_vol3.txt,Teams # 21123
GPC_21141,GPC,GA,LLOYD SHOALS - PORTERDALE PRIMARY 115KV REBUILD,LLOYD SHOALS,PORTERDALE PRIMARY,115,rebuild,,,2026-03-01,2029-06-01,gpc_irp_vol3.txt,Teams # 21141
GPC_20285,GPC,GA,LOWER RIVER - WEBB (APC) 115KV RECONDUCTOR,LOWER RIVER,WEBB,115,reconductor,,,2025-06-01,2029-06-01,gpc_irp_vol3.txt,Teams # 20285
GPC_19621,GPC,GA,MCEVER ROAD - SHOAL CREEK 115KV REBUILD,MCEVER ROAD,SHOAL CREEK,115,rebuild,,,2024-12-31,2029-06-01,gpc_irp_vol3.txt,Teams # 19621
GPC_20346,GPC,GA,MCMANUS - WEST BRUNSWICK 115KV REBUILD,MCMANUS,WEST BRUNSWICK,115,rebuild,,,2026-01-01,2029-06-01,gpc_irp_vol3.txt,Teams # 20346
GPC_17706,GPC,GA,MEAG: AULTMAN ROAD - FORT VALLEY #1 115 KV REBUILD,AULTMAN ROAD,FORT VALLEY,115,rebuild,,,2026-06-01,2029-06-01,gpc_irp_vol3.txt,Teams # 17706
GPC_11051,GPC,GA,MEAG: SLAPPEY DRIVE - WESTOVER 115KV LINE REBUILD,SLAPPEY DRIVE,WESTOVER,115,rebuild,,,2026-06-01,2029-06-01,gpc_irp_vol3.txt,Teams # 11051
GPC_20757,GPC,GA,NORCROSS - NORTH DRUID HILLS 115KV REBUILD,NORCROSS,NORTH DRUID HILLS,115,rebuild,,,2025-01-01,2029-06-01,gpc_irp_vol3.txt,Teams # 20757
GPC_21006,GPC,GA,SAV: BOULEVARD - MAGNOLIA  115 KV LINE REBUILD,BOULEVARD,MAGNOLIA,115,rebuild,,,2027-01-01,2029-06-01,gpc_irp_vol3.txt,Teams # 21006
GPC_21023,GPC,GA,SAV: DEAN FOREST - LITTLE OGEECHEE 230 KV REBUILD,DEAN FOREST,LITTLE OGEECHEE,230,rebuild,,,2026-01-01,2029-06-01,gpc_irp_vol3.txt,Teams # 21023
GPC_20989,GPC,GA,SAV: RICE HOPE NEW AUTO TRANSFORMER,RICE HOPE,,,new_line,,,2025-06-01,2029-06-01,gpc_irp_vol3.txt,Teams # 20989
GPC_13628,GPC,GA,SOUTH BAINBRIDGE - SINAI (FPL) 115KV LINE RECONDUCTOR,SOUTH BAINBRIDGE,SINAI,115,reconductor,,,2025-06-01,2029-06-01,gpc_irp_vol3.txt,Teams # 13628
GPC_20248,GPC,GA,BAY CREEK - CONYERS 230KV REBUILD,BAY CREEK,CONYERS,230,rebuild,,,2031-06-01,2029-12-31,gpc_irp_vol3.txt,Teams # 20248
GPC_21129,GPC,GA,ANNISTON - HAMMOND 230KV LINE,ANNISTON,HAMMOND,230,other,,,2025-06-01,2030-06-01,gpc_irp_vol3.txt,Teams # 21129
GPC_20764,GPC,GA,ATKINSON - NORTHSIDE DRIVE 115KV REBUILD,ATKINSON,NORTHSIDE DRIVE,115,rebuild,,,2027-06-01,2030-06-01,gpc_irp_vol3.txt,Teams # 20764
GPC_20761,GPC,GA,ATKINSON - NORTHWEST 115KV REBUILD,ATKINSON,NORTHWEST,115,rebuild,,,2027-06-01,2030-06-01,gpc_irp_vol3.txt,Teams # 20761
GPC_21130,GPC,GA,CC - NORTH GEORGIA DATA NETWORK UPGRADES,NORTH GEORGIA DATA NETWORK,,,other,,,2026-06-01,2030-06-01,gpc_irp_vol3.txt,Teams # 21130
GPC_10478,GPC,GA,CORNELIA - TALLULAH LODGE 115KV REBUILD,CORNELIA,TALLULAH LODGE,115,rebuild,,,2027-06-01,2030-06-01,gpc_irp_vol3.txt,Teams # 10478
GPC_18669,GPC,GA,DU: DAWSON CROSSING - NELSON (WHITE) 115 KV REBUILD,DAWSON CROSSING,NELSON,115,rebuild,,,2024-12-31,2030-06-01,gpc_irp_vol3.txt,Teams # 18669
GPC_21097,GPC,GA,EAST POINT - TRIBUTARY 230KV REBUILD,EAST POINT,TRIBUTARY,230,rebuild,,,2027-06-01,2030-06-01,gpc_irp_vol3.txt,Teams # 21097
GPC_20480,GPC,GA,EAST POINT - UNION CITY 230KV BLACK LINE RECONDUCTOR,EAST POINT,UNION CITY,230,reconductor,,,2028-06-01,2030-06-01,gpc_irp_vol3.txt,Teams # 20480
GPC_19627,GPC,GA,ECHECONNEE-WELLSTON 115KV LINE REBUILD,ECHECONNEE,WELLSTON,115,rebuild,,,2023-06-01,2030-06-01,gpc_irp_vol3.txt,Teams # 19627
GPC_21063,GPC,GA,FARLEY (APC)-TAZEWELL 500KV,FARLEY,TAZEWELL,500,other,,,2024-12-01,2030-06-01,gpc_irp_vol3.txt,Teams # 21063
GPC_12120,GPC,GA,GAINESVILLE #2 - MCEVER ROAD 115 KV REBUILD,GAINESVILLE,MCEVER ROAD,115,new_line,,,2025-12-31,2030-06-01,gpc_irp_vol3.txt,Teams # 12120
GPC_20298,GPC,GA,GLENWOOD SPRINGS - LAKE OCONEE 115KV LINE REBUILD,GLENWOOD SPRINGS,LAKE OCONEE,115,rebuild,,,2027-06-01,2030-06-01,gpc_irp_vol3.txt,Teams # 20298
GPC_21128,GPC,GA,GOAT ROCK REACTORS INSTALLATION,GOAT ROCK,,,substation,,,2028-06-01,2030-06-01,gpc_irp_vol3.txt,Teams # 21128
GPC_19996,GPC,GA,GOLDENS CREEK - WARRENTON PRIMARY 230KV REBUILD,GOLDENS CREEK,WARRENTON PRIMARY,230,rebuild,,,2028-06-01,2030-06-01,gpc_irp_vol3.txt,Teams # 19996
GPC_20428,GPC,GA,GORDON-SANDERSVILLE #1 115KV LINE REBUILD (DEEPSTEP-SAND #6),GORDON,SANDERSVILLE,115,rebuild,,,2023-12-01,2030-06-01,gpc_irp_vol3.txt,Teams # 20428
GPC_21116,GPC,GA,GOSHEN AREA STRATEGIC SOLUTION,GOSHEN,,,other,,,2025-06-01,2030-06-01,gpc_irp_vol3.txt,Teams # 21116
GPC_21073,GPC,GA,GTC: BIG SMARR - TOMOCHICHI 500KV,BIG SMARR,TOMOCHICHI,500,other,,,2024-12-01,2030-06-01,gpc_irp_vol3.txt,Teams # 21073
GPC_21014,GPC,GA,GTC: BUZZARD ROOST - CAVENDER DRIVE 230KV NEW LINE,BUZZARD ROOST,CAVENDER DRIVE,230,new_line,,,2026-06-01,2030-06-01,gpc_irp_vol3.txt,Teams # 21014
GPC_21013,GPC,GA,GTC: CAVENDER DRIVE 500/230KV AUTOBANK,CAVENDER DRIVE,,500,substation,,,2026-06-01,2030-06-01,gpc_irp_vol3.txt,Teams # 21013
GPC_20375,GPC,GA,GTC: EAST WATKINSVILLE 230 KV STATION MODIFICATION,EAST WATKINSVILLE,,230,substation,,,2028-06-01,2030-06-01,gpc_irp_vol3.txt,Teams # 20375
GPC_21131,GPC,GA,GTC: POND FORK - MIDWAY 115KV LINE,POND FORK,MIDWAY,115,other,,,2026-06-01,2030-06-01,gpc_irp_vol3.txt,Teams # 21131
GPC_21077,GPC,GA,GTC: ROCKVILLE - TIGER CREEK -WARTHEN 500KV LINES,ROCKVILLE,TIGER CREEK,500,other,,,2024-12-01,2030-06-01,gpc_irp_vol3.txt,Teams # 21077
GPC_21076,GPC,GA,GTC: TALBOT #2 - TAZEWELL 500KV LINE,TALBOT,TAZEWELL,500,new_line,,,2024-12-01,2030-06-01,gpc_irp_vol3.txt,Teams # 21076
GPC_21094,GPC,GA,GTC: TIGER CREEK-ROCKVILLE-NORTH SPA 230KV PROJECT,TIGER CREEK,ROCKVILLE,230,other,,,2025-01-01,2030-06-01,gpc_irp_vol3.txt,Teams # 21094
GPC_20789,GPC,GA,JEFFERSON ROAD - WINDER PRIMARY 115KV REBUILD,JEFFERSON ROAD,WINDER PRIMARY,115,rebuild,,,2025-06-01,2030-06-01,gpc_irp_vol3.txt,Teams # 20789
GPC_20284,GPC,GA,KETTLE CREEK PRIMARY - PINE GROVE PRIMARY 115KV REBUILD,KETTLE CREEK PRIMARY,PINE GROVE PRIMARY,115,rebuild,,,2026-06-02,2030-06-01,gpc_irp_vol3.txt,Teams # 20284
GPC_21118,GPC,GA,MEAG: ATHENA - WARRENTON 230KV CONVERSION,ATHENA,WARRENTON,230,other,,,2025-06-01,2030-06-01,gpc_irp_vol3.txt,Teams # 21118
GPC_20857,GPC,GA,NEW CAVENDER DRIVE - TRIBUTARY 230KV LINE,NEW CAVENDER DRIVE,TRIBUTARY,230,new_line,,,2026-06-01,2030-06-01,gpc_irp_vol3.txt,Teams # 20857
GPC_21093,GPC,GA,NORTH SPA 230KV STRATEGIC PROJECT,NORTH SPA,,230,other,,,2025-01-01,2030-06-01,gpc_irp_vol3.txt,Teams # 21093
GPC_19995,GPC,GA,TALLULAH LODGE - TOCCOA 115 KV REBUILD,TALLULAH LODGE,TOCCOA,115,rebuild,,,2025-12-31,2030-06-01,gpc_irp_vol3.txt,Teams # 19995
GPC_21098,GPC,GA,TRIBUTARY - THORNTON RD 230KV REBUILD,TRIBUTARY,THORNTON RD,230,rebuild,,,2027-06-01,2030-06-01,gpc_irp_vol3.txt,Teams # 21098
GPC_20160,GPC,GA,THOMASTON 230 NEW BUILD SUB,THOMASTON,,,new_line,,,2026-01-01,2030-11-01,gpc_irp_vol3.txt,Teams # 20160
GPC_18848,GPC,GA,"BAINBRIDGE TRANSMISSION: EAST RIVER ROAD, EAST BAINBRIDGE",BAINBRIDGE,,,other,,,2023-06-01,2030-12-31,gpc_irp_vol3.txt,Teams # 18848
GPC_19626,GPC,GA,GLENWOOD SPRINGS 115KV CAP BANK,GLENWOOD SPRINGS,,115,substation,,,2028-01-01,2030-12-31,gpc_irp_vol3.txt,Teams # 19626
GPC_20690,GPC,GA,EAST POINT - UNION CITY (WHITE) 230KV REBUILD,EAST POINT,UNION CITY,230,rebuild,,,2028-06-01,2031-05-01,gpc_irp_vol3.txt,Teams # 20690
GPC_19632,GPC,GA,AVERY - HOPEWELL 115KV RECONDUCTOR,AVERY,HOPEWELL,115,reconductor,,,2028-01-01,2031-06-01,gpc_irp_vol3.txt,Teams # 19632
GPC_10811,GPC,GA,BOWEN #10 500/230KV AUTOBANK REPLACEMENT,BOWEN,,500,substation,,,2025-06-01,2031-06-01,gpc_irp_vol3.txt,Teams # 10811
GPC_20756,GPC,GA,HATCH - WADLEY 500 KV LINE STRATEGIC PROJECT,HATCH,WADLEY,500,other,,,2024-07-03,2031-06-01,gpc_irp_vol3.txt,Teams # 20756
GPC_21099,GPC,GA,MEAG: PIO NONO 230/115KV AREA SOLUTION,PIO NONO,,230,other,,,2025-01-01,2031-06-01,gpc_irp_vol3.txt,Teams # 21099
GPC_21114,GPC,GA,MEAG: SOUTH GRIFFIN 230/115KV BANK #5,SOUTH GRIFFIN,,230,substation,,,2030-06-01,2032-06-01,gpc_irp_vol3.txt,Teams # 21114
GPC_20784,GPC,GA,SAV: COLEMAN - MELDRIM 115KV LINE REBUILD,COLEMAN,MELDRIM,115,rebuild,,,2029-06-01,2032-06-01,gpc_irp_vol3.txt,Teams # 20784
GPC_20767,GPC,GA,ARKWRIGHT BUS AND JUMPER REPLACEMENT,ARKWRIGHT,,,substation,,,2029-06-01,2033-06-01,gpc_irp_vol3.txt,Teams # 20767
GPC_20758,GPC,GA,BAY CREEK - CONYERS 230KV LIMITING ELEMENT REPLACEMENT,BAY CREEK,CONYERS,230,other,,,2031-06-01,2033-06-01,gpc_irp_vol3.txt,Teams # 20758
GPC_20793,GPC,GA,EVANS PRIMARY - THURMOND DAM (USA) #5 115KV REBUILD,EVANS PRIMARY,THURMOND DAM,115,rebuild,,,2029-06-01,2033-06-01,gpc_irp_vol3.txt,Teams # 20793
GPC_20794,GPC,GA,EVANS PRIMARY - THURMOND DAM (USA) #6 115KV REBUILD,EVANS PRIMARY,THURMOND DAM,115,rebuild,,,2030-06-01,2033-06-01,gpc_irp_vol3.txt,Teams # 20794
GPC_12217,GPC,GA,GTC: CENTER PRIMARY - CLARKSBORO 230 KV REBUILD,CENTER PRIMARY,CLARKSBORO,230,rebuild,,,2028-06-01,2033-06-01,gpc_irp_vol3.txt,Teams # 12217
GPC_20773,GPC,GA,GTC: CLARKSBORO - WINDER PRIMARY 230KV REBUILD,CLARKSBORO,WINDER PRIMARY,230,rebuild,,,2029-06-01,2033-06-01,gpc_irp_vol3.txt,Teams # 20773
GPC_12147,GPC,GA,GTC: EAST SOCIAL CIRCLE - SNELLVILLE 230KV EQUIPMENT UPGRADE,EAST SOCIAL CIRCLE,SNELLVILLE,230,other,,,2030-06-01,2033-06-01,gpc_irp_vol3.txt,Teams # 12147
GPC_21075,GPC,GA,GTC: EAST WALTON - MIDDLE FORK 500KV,EAST WALTON,MIDDLE FORK,500,other,,,2024-12-01,2033-06-01,gpc_irp_vol3.txt,Teams # 21075
GPC_20791,GPC,GA,GTC: SHOAL CREEK - SOUTH HALL 230KV REBUILD,SHOAL CREEK,SOUTH HALL,230,rebuild,,,2029-06-01,2033-06-01,gpc_irp_vol3.txt,Teams # 20791
GPC_21053,GPC,GA,MCEVER ROAD - SHOAL CREEK 115KV REBUILD,MCEVER ROAD,SHOAL CREEK,115,rebuild,,,2030-06-01,2033-06-01,gpc_irp_vol3.txt,Teams # 21053
GPC_09661,GPC,GA,MCGRAU FORD - MIDDLE FORK 500KV LINE PROJECT,MCGRAU FORD,MIDDLE FORK,500,other,,,2026-06-01,2033-06-01,gpc_irp_vol3.txt,Teams # 09661
GPC_20796,GPC,GA,SAV: MELDRIM BANK D REPLACEMENT,MELDRIM,,,substation,,,2030-06-01,2033-06-01,gpc_irp_vol3.txt,Teams # 20796
GPC_14222,GPC,GA,THOMSON PRIMARY 230/115KV SECOND TRANSFORMER,THOMSON PRIMARY,,230,substation,,,2025-08-01,2033-06-01,gpc_irp_vol3.txt,Teams # 14222
GPC_20759,GPC,GA,WINDER PRIMARY 230KV BUS 1-2 PARALLEL BUS-TIE INSTALLATION,WINDER PRIMARY,,230,substation,,,2031-06-01,2033-06-01,gpc_irp_vol3.txt,Teams # 20759
GPC_10487,GPC,GA,PINE GROVE PRIMARY - WEST VALDOSTA 115 KV RECONDUCTOR,PINE GROVE PRIMARY,WEST VALDOSTA,115,reconductor,,,2029-12-31,2033-12-31,gpc_irp_vol3.txt,Teams # 10487
GPC_18700,GPC,GA,DAWSON CROSSING - GAINESVILLE #1 115 KV,DAWSON CROSSING,GAINESVILLE,115,other,,,2032-06-01,2034-06-01,gpc_irp_vol3.txt,Teams # 18700
GPC_20787,GPC,GA,SAV: LITTLE OGEECHEE 230/115KV BANK REPLACEMENT,LITTLE OGEECHEE,,230,substation,,,2030-06-01,2034-06-01,gpc_irp_vol3.txt,Teams # 20787
GPC_17993,GPC,GA,EVANS PRIMARY - THOMSON PRIMARY 115KV REBUILD,EVANS PRIMARY,THOMSON PRIMARY,115,rebuild,,,2031-01-01,2034-12-31,gpc_irp_vol3.txt,Teams # 17993
